<?xml version="1.1" encoding="UTF-8"?>

<externalNode i18n.job.component.parameters="Component Parameters:" i18n.job.properties="Properties" i18n.job.values="Values" i18n.mapper.table.for="Mapper table for " i18n.mapper.table.properties="Mapper table Properties" i18n.job.name="Name" i18n.tmap.matching.mode="Matching-mode" i18n.mapper.table.isminimized="isMinimized" i18n.tmap.isreject="isReject" i18n.tmap.isrejectinnnerjoin="isRejectInnerJoin" i18n.tmap.isinnerjoin="isInnerJoin" i18n.tmap.expressionfilter="expressionFilter" i18n.mapper.table.metadata.entries="Metadata Table Entries" i18n.job.type="Type" i18n.mapper.table.expression="Expression" i18n.tmap.isnullable="isNullable" i18n.tmap.constraint.entries="Constraint Table Entries" name="tMap_6" preview="pictures/_GTQx4OHqEeuUp6xrcVqGUQ-tMap_6-PREVIEW.bmp">
  <parameters>
    <column name="tStatCatcher Statistics">false</column>
    <column name="Mapping links display as:">AUTO</column>
    <column name="Temp data directory path:"></column>
    <column name="Max buffer size (nb of rows):">2000000</column>
    <column name="Ignore trailing zeros for BigDecimal">true</column>
    <column name="Show Information">false</column>
    <column name="Comment"><![CDATA[]]></column>
    <column name="Use an existing validation rule">false</column>
  </parameters>
  <mapperTable type="input">
    <table name="row21" matching-mode="UNIQUE_MATCH" lookup-mode="LOAD_ONCE" isMinimized="false" isReject="false" isRejectInnerJoin="false" isInnerJoin="false" isPersistent="false" expressionFilter="null" activateExpressionFilter="false" activateCondensedTool="false" activateColumnNameFilter="false" columnNameFilter="null">
      <metadataTableEntries>
        <entry name="SalesOrderID" type="int" expression="" isNullable="false"/>
        <entry name="RevisionNumber" type="short" expression="" isNullable="false"/>
        <entry name="OrderDate" type="java.util.Date" expression="" isNullable="false"/>
        <entry name="DueDate" type="java.util.Date" expression="" isNullable="false"/>
        <entry name="ShipDate" type="java.util.Date" expression="" isNullable="true"/>
        <entry name="Status" type="short" expression="" isNullable="false"/>
        <entry name="OnlineOrderFlag" type="Integer" expression="" isNullable="true"/>
        <entry name="SalesOrderNumber" type="String" expression="" isNullable="false"/>
        <entry name="CustomerID" type="int" expression="" isNullable="false"/>
        <entry name="ShipToAddressID" type="Integer" expression="" isNullable="true"/>
        <entry name="BillToAddressID" type="Integer" expression="" isNullable="true"/>
        <entry name="ShipMethod" type="String" expression="" isNullable="false"/>
        <entry name="CreditCardApprovalCode" type="String" expression="" isNullable="true"/>
        <entry name="SubTotal" type="Object" expression="" isNullable="false"/>
        <entry name="TaxAmt" type="Object" expression="" isNullable="false"/>
        <entry name="Freight" type="Object" expression="" isNullable="false"/>
        <entry name="TotalDue" type="BigDecimal" expression="" isNullable="false"/>
        <entry name="Comment" type="String" expression="" isNullable="true"/>
        <entry name="OrderQty" type="short" expression="" isNullable="false"/>
        <entry name="UnitPrice" type="Object" expression="" isNullable="false"/>
        <entry name="UnitPriceDiscount" type="Object" expression="" isNullable="false"/>
        <entry name="LineTotal" type="BigDecimal" expression="" isNullable="false"/>
        <entry name="ProductName" type="String" expression="" isNullable="true"/>
        <entry name="ProductColor" type="String" expression="" isNullable="true"/>
        <entry name="StandardCost" type="Object" expression="" isNullable="false"/>
        <entry name="ProductID" type="int" expression="" isNullable="false"/>
      </metadataTableEntries>
    </table>
    <table name="row22" matching-mode="UNIQUE_MATCH" lookup-mode="LOAD_ONCE" isMinimized="false" isReject="false" isRejectInnerJoin="false" isInnerJoin="false" isPersistent="false" expressionFilter="null" activateExpressionFilter="false" activateCondensedTool="false" activateColumnNameFilter="false" columnNameFilter="null">
      <metadataTableEntries>
        <entry name="SalesPerson" type="String" expression="" isNullable="true"/>
        <entry name="CustomerID" type="int" expression="row21.CustomerID " isNullable="false"/>
      </metadataTableEntries>
    </table>
    <table name="row23" matching-mode="UNIQUE_MATCH" lookup-mode="LOAD_ONCE" isMinimized="false" isReject="false" isRejectInnerJoin="false" isInnerJoin="false" isPersistent="false" expressionFilter="null" activateExpressionFilter="false" activateCondensedTool="false" activateColumnNameFilter="false" columnNameFilter="null">
      <metadataTableEntries>
        <entry name="CustomerID" type="int" expression="row21.CustomerID " isNullable="false"/>
        <entry name="Title" type="String" expression="" isNullable="true"/>
        <entry name="CompanyName" type="String" expression="" isNullable="true"/>
        <entry name="EmailAddress" type="String" expression="" isNullable="true"/>
        <entry name="Phone" type="String" expression="" isNullable="true"/>
        <entry name="AddressLine1" type="String" expression="" isNullable="false"/>
        <entry name="City" type="String" expression="" isNullable="false"/>
        <entry name="StateProvince" type="String" expression="" isNullable="true"/>
        <entry name="CountryRegion" type="String" expression="" isNullable="true"/>
      </metadataTableEntries>
    </table>
    <table name="row24" matching-mode="UNIQUE_MATCH" lookup-mode="LOAD_ONCE" isMinimized="false" isReject="false" isRejectInnerJoin="false" isInnerJoin="false" isPersistent="false" expressionFilter="null" activateExpressionFilter="false" activateCondensedTool="false" activateColumnNameFilter="false" columnNameFilter="null">
      <metadataTableEntries>
        <entry name="ProductID" type="int" expression="row21.ProductID " isNullable="false"/>
        <entry name="Name" type="String" expression="" isNullable="true"/>
        <entry name="ProductNumber" type="String" expression="" isNullable="false"/>
        <entry name="Color" type="String" expression="" isNullable="true"/>
        <entry name="StandardCost" type="Object" expression="" isNullable="false"/>
        <entry name="ListPrice" type="Object" expression="" isNullable="false"/>
        <entry name="SellStartDate" type="java.util.Date" expression="" isNullable="false"/>
        <entry name="SellEndDate" type="java.util.Date" expression="" isNullable="true"/>
        <entry name="DiscontinuedDate" type="java.util.Date" expression="" isNullable="true"/>
        <entry name="CategoryName" type="String" expression="" isNullable="true"/>
        <entry name="ModelName" type="String" expression="" isNullable="true"/>
      </metadataTableEntries>
    </table>
  </mapperTable>
  <mapperTable type="output">
    <table name="DatasetCienciaDeDados" isMinimized="false" isReject="false" isRejectInnerJoin="false" isInnerJoin="false" isPersistent="false" expressionFilter="null" activateExpressionFilter="false" activateCondensedTool="false" activateColumnNameFilter="false" columnNameFilter="null">
      <metadataTableEntries>
        <entry name="ProductID" type="int" expression="row24.ProductID " isNullable="false"/>
        <entry name="ProductName" type="String" expression="row24.Name " isNullable="true"/>
        <entry name="ProductColor" type="String" expression="row24.Color " isNullable="true"/>
        <entry name="ProductStandardCost" type="Object" expression="row24.StandardCost " isNullable="false"/>
        <entry name="ProductListPrice" type="Object" expression="row24.ListPrice " isNullable="false"/>
        <entry name="ProductSellStartDate" type="java.util.Date" expression="row24.SellStartDate " isNullable="false"/>
        <entry name="ProductSellEndDate" type="java.util.Date" expression="row24.SellEndDate " isNullable="true"/>
        <entry name="ProductDiscontinuedDate" type="java.util.Date" expression="row24.DiscontinuedDate " isNullable="true"/>
        <entry name="ProductCategoryName" type="String" expression="row24.CategoryName " isNullable="true"/>
        <entry name="ProductModelName" type="String" expression="row24.ModelName " isNullable="true"/>
        <entry name="CustomerID" type="int" expression="row23.CustomerID " isNullable="false"/>
        <entry name="CompanyName" type="String" expression="row23.CompanyName " isNullable="true"/>
        <entry name="SalesPerson" type="String" expression="row22.SalesPerson " isNullable="true"/>
        <entry name="SalesOrderID" type="int" expression="row21.SalesOrderID " isNullable="false"/>
        <entry name="RevisionNumber" type="short" expression="row21.RevisionNumber " isNullable="false"/>
        <entry name="OrderDate" type="java.util.Date" expression="row21.OrderDate " isNullable="false"/>
        <entry name="DueDate" type="java.util.Date" expression="row21.DueDate " isNullable="false"/>
        <entry name="ShipDate" type="java.util.Date" expression="row21.ShipDate " isNullable="true"/>
        <entry name="Status" type="short" expression="row21.Status " isNullable="false"/>
        <entry name="OnlineOrderFlag" type="Integer" expression="row21.OnlineOrderFlag " isNullable="true"/>
        <entry name="ShipToAddressID" type="Integer" expression="row21.ShipToAddressID " isNullable="true"/>
        <entry name="BillToAddressID" type="Integer" expression="row21.BillToAddressID " isNullable="true"/>
        <entry name="ShipMethod" type="String" expression="row21.ShipMethod " isNullable="false"/>
        <entry name="CreditCardApprovalCode" type="String" expression="row21.CreditCardApprovalCode " isNullable="true"/>
        <entry name="TotalDue" type="BigDecimal" expression="row21.TotalDue " isNullable="false"/>
      </metadataTableEntries>
    </table>
  </mapperTable>
  <mapperTable type="var">
    <table name="Var" isMinimized="true" isReject="false" isRejectInnerJoin="false" isInnerJoin="false" isPersistent="false" expressionFilter="null" activateExpressionFilter="false" activateCondensedTool="false" activateColumnNameFilter="false" columnNameFilter="null"/>
  </mapperTable>
</externalNode>
