<?xml version="1.1" encoding="UTF-8"?>

<externalNode i18n.job.component.parameters="Component Parameters:" i18n.job.properties="Properties" i18n.job.values="Values" i18n.mapper.table.for="Mapper table for " i18n.mapper.table.properties="Mapper table Properties" i18n.job.name="Name" i18n.tmap.matching.mode="Matching-mode" i18n.mapper.table.isminimized="isMinimized" i18n.tmap.isreject="isReject" i18n.tmap.isrejectinnnerjoin="isRejectInnerJoin" i18n.tmap.isinnerjoin="isInnerJoin" i18n.tmap.expressionfilter="expressionFilter" i18n.mapper.table.metadata.entries="Metadata Table Entries" i18n.job.type="Type" i18n.mapper.table.expression="Expression" i18n.tmap.isnullable="isNullable" i18n.tmap.constraint.entries="Constraint Table Entries" name="tMap_2" preview="pictures/_GTQx4OHqEeuUp6xrcVqGUQ-tMap_2-PREVIEW.bmp">
  <parameters>
    <column name="tStatCatcher Statistics">false</column>
    <column name="Mapping links display as:">AUTO</column>
    <column name="Temp data directory path:"></column>
    <column name="Max buffer size (nb of rows):">2000000</column>
    <column name="Ignore trailing zeros for BigDecimal">true</column>
    <column name="Show Information">false</column>
    <column name="Comment"><![CDATA[Esta sendo harmonizado o numero de telefone, onde eh removido o prefixo de USA, nem todos os telefones tem esse prefixo.
Essa harmonizacao pode ser melhorada, se for mantidada a remocao talvez o melhor seja trabalhar com regexp.
Pode ser também colocado uma condição pelo pais e criar um lista de prefixos.

Esta sendo harmonizado também o midlew name, mantendo apenas a incial do segundo nome.

Esta sendo harmonizado a coluna titlle, removido valores nulos e convertido Sr para Mr e Sra para Ms.

Esta sendo harmonizado a coluna SalesPerson removendo o nome do Database.

]]></column>
    <column name="Use an existing validation rule">false</column>
  </parameters>
  <mapperTable type="input">
    <table name="row8" matching-mode="UNIQUE_MATCH" lookup-mode="LOAD_ONCE" isMinimized="false" isReject="false" isRejectInnerJoin="false" isInnerJoin="false" isPersistent="false" expressionFilter="null" activateExpressionFilter="false" activateCondensedTool="false" activateColumnNameFilter="false" columnNameFilter="null">
      <metadataTableEntries>
        <entry name="CustomerID" type="int" expression="" isNullable="false"/>
        <entry name="NameStyle" type="String" expression="" isNullable="true"/>
        <entry name="Title" type="String" expression="" isNullable="true"/>
        <entry name="FirstName" type="String" expression="" isNullable="true"/>
        <entry name="MiddleName" type="String" expression="" isNullable="true"/>
        <entry name="LastName" type="String" expression="" isNullable="true"/>
        <entry name="Suffix" type="String" expression="" isNullable="true"/>
        <entry name="CompanyName" type="String" expression="" isNullable="true"/>
        <entry name="SalesPerson" type="String" expression="" isNullable="true"/>
        <entry name="EmailAddress" type="String" expression="" isNullable="true"/>
        <entry name="Phone" type="String" expression="" isNullable="true"/>
        <entry name="PasswordHash" type="String" expression="" isNullable="false"/>
        <entry name="PasswordSalt" type="String" expression="" isNullable="false"/>
        <entry name="rowguid" type="Object" expression="" isNullable="false"/>
        <entry name="ModifiedDate" type="java.util.Date" expression="" isNullable="false"/>
      </metadataTableEntries>
    </table>
  </mapperTable>
  <mapperTable type="output">
    <table name="Harmonizado" isMinimized="false" isReject="false" isRejectInnerJoin="false" isInnerJoin="false" isPersistent="false" expressionFilter="null" activateExpressionFilter="false" activateCondensedTool="false" activateColumnNameFilter="false" columnNameFilter="">
      <metadataTableEntries>
        <entry name="CustomerID" type="int" expression="row8.CustomerID " isNullable="false"/>
        <entry name="NameStyle" type="String" expression="row8.NameStyle " isNullable="true"/>
        <entry name="Title" type="String" expression="row8.Title==null? &quot;Mr.&quot;: &quot;&quot;  + row8.Title.replace(&quot;Sr.&quot;, &quot;Mr.&quot;).replace(&quot;Sra.&quot;, &quot;Ms.&quot;) " isNullable="true"/>
        <entry name="CompanyName" type="String" expression="row8.CompanyName " isNullable="true"/>
        <entry name="SalesPerson" type="String" expression="row8.SalesPerson.replace(&quot;adventure-works\\&quot;, &quot;&quot;) " isNullable="true"/>
        <entry name="EmailAddress" type="String" expression="row8.EmailAddress " isNullable="true"/>
        <entry name="Phone" type="String" expression="row8.Phone.replace(&quot;1 (11) &quot;, &quot;&quot;) " isNullable="true"/>
        <entry name="PasswordHash" type="String" expression="row8.PasswordHash " isNullable="false"/>
        <entry name="PasswordSalt" type="String" expression="row8.PasswordSalt " isNullable="false"/>
        <entry name="rowguid" type="Object" expression="row8.rowguid " isNullable="false"/>
        <entry name="ModifiedDate" type="java.util.Date" expression="row8.ModifiedDate " isNullable="false"/>
      </metadataTableEntries>
    </table>
  </mapperTable>
  <mapperTable type="var">
    <table name="Var" isMinimized="true" isReject="false" isRejectInnerJoin="false" isInnerJoin="false" isPersistent="false" expressionFilter="null" activateExpressionFilter="false" activateCondensedTool="false" activateColumnNameFilter="false" columnNameFilter="null"/>
  </mapperTable>
</externalNode>
