<?xml version="1.1" encoding="UTF-8"?>

<externalNode i18n.job.component.parameters="Component Parameters:" i18n.job.properties="Properties" i18n.job.values="Values" i18n.mapper.table.for="Mapper table for " i18n.mapper.table.properties="Mapper table Properties" i18n.job.name="Name" i18n.tmap.matching.mode="Matching-mode" i18n.mapper.table.isminimized="isMinimized" i18n.tmap.isreject="isReject" i18n.tmap.isrejectinnnerjoin="isRejectInnerJoin" i18n.tmap.isinnerjoin="isInnerJoin" i18n.tmap.expressionfilter="expressionFilter" i18n.mapper.table.metadata.entries="Metadata Table Entries" i18n.job.type="Type" i18n.mapper.table.expression="Expression" i18n.tmap.isnullable="isNullable" i18n.tmap.constraint.entries="Constraint Table Entries" name="tMap_3" preview="pictures/_GTQx4OHqEeuUp6xrcVqGUQ-tMap_3-PREVIEW.bmp">
  <parameters>
    <column name="tStatCatcher Statistics">false</column>
    <column name="Mapping links display as:">AUTO</column>
    <column name="Temp data directory path:"></column>
    <column name="Max buffer size (nb of rows):">2000000</column>
    <column name="Ignore trailing zeros for BigDecimal">true</column>
    <column name="Show Information">false</column>
    <column name="Comment"><![CDATA[]]></column>
    <column name="Use an existing validation rule">false</column>
  </parameters>
  <mapperTable type="input">
    <table name="row16" matching-mode="UNIQUE_MATCH" lookup-mode="LOAD_ONCE" isMinimized="false" isReject="false" isRejectInnerJoin="false" isInnerJoin="false" isPersistent="false" expressionFilter="null" activateExpressionFilter="false" activateCondensedTool="false" activateColumnNameFilter="false" columnNameFilter="null">
      <metadataTableEntries>
        <entry name="SalesOrderID" type="int" expression="" isNullable="false"/>
        <entry name="SalesOrderDetailID" type="int" expression="" isNullable="false"/>
        <entry name="OrderQty" type="short" expression="" isNullable="false"/>
        <entry name="ProductID" type="int" expression="" isNullable="false"/>
        <entry name="UnitPrice" type="Object" expression="" isNullable="false"/>
        <entry name="UnitPriceDiscount" type="Object" expression="" isNullable="false"/>
        <entry name="LineTotal" type="BigDecimal" expression="" isNullable="false"/>
        <entry name="rowguid" type="Object" expression="" isNullable="false"/>
        <entry name="ModifiedDate" type="java.util.Date" expression="" isNullable="false"/>
      </metadataTableEntries>
    </table>
    <table name="row17" matching-mode="UNIQUE_MATCH" lookup-mode="LOAD_ONCE" isMinimized="false" isReject="false" isRejectInnerJoin="false" isInnerJoin="false" isPersistent="false" expressionFilter="null" activateExpressionFilter="false" activateCondensedTool="false" activateColumnNameFilter="false" columnNameFilter="null">
      <metadataTableEntries>
        <entry name="SalesOrderID" type="int" expression="row16.SalesOrderID " isNullable="false"/>
        <entry name="RevisionNumber" type="short" expression="" isNullable="false"/>
        <entry name="OrderDate" type="java.util.Date" expression="" isNullable="false"/>
        <entry name="DueDate" type="java.util.Date" expression="" isNullable="false"/>
        <entry name="ShipDate" type="java.util.Date" expression="" isNullable="true"/>
        <entry name="Status" type="short" expression="" isNullable="false"/>
        <entry name="OnlineOrderFlag" type="Integer" expression="" isNullable="true"/>
        <entry name="SalesOrderNumber" type="String" expression="" isNullable="false"/>
        <entry name="PurchaseOrderNumber" type="String" expression="" isNullable="true"/>
        <entry name="AccountNumber" type="String" expression="" isNullable="true"/>
        <entry name="CustomerID" type="int" expression="" isNullable="false"/>
        <entry name="ShipToAddressID" type="Integer" expression="" isNullable="true"/>
        <entry name="BillToAddressID" type="Integer" expression="" isNullable="true"/>
        <entry name="ShipMethod" type="String" expression="" isNullable="false"/>
        <entry name="CreditCardApprovalCode" type="String" expression="" isNullable="true"/>
        <entry name="SubTotal" type="Object" expression="" isNullable="false"/>
        <entry name="TaxAmt" type="Object" expression="" isNullable="false"/>
        <entry name="Freight" type="Object" expression="" isNullable="false"/>
        <entry name="TotalDue" type="BigDecimal" expression="" isNullable="false"/>
        <entry name="Comment" type="String" expression="" isNullable="true"/>
        <entry name="rowguid" type="Object" expression="" isNullable="false"/>
        <entry name="ModifiedDate" type="java.util.Date" expression="" isNullable="false"/>
      </metadataTableEntries>
    </table>
    <table name="row18" matching-mode="UNIQUE_MATCH" lookup-mode="LOAD_ONCE" isMinimized="false" isReject="false" isRejectInnerJoin="false" isInnerJoin="false" isPersistent="false" expressionFilter="null" activateExpressionFilter="false" activateCondensedTool="false" activateColumnNameFilter="false" columnNameFilter="null">
      <metadataTableEntries>
        <entry name="ProductID" type="int" expression="row16.ProductID " isNullable="false"/>
        <entry name="Name" type="String" expression="" isNullable="true"/>
        <entry name="ProductNumber" type="String" expression="" isNullable="false"/>
        <entry name="Color" type="String" expression="" isNullable="true"/>
        <entry name="StandardCost" type="Object" expression="" isNullable="false"/>
        <entry name="ListPrice" type="Object" expression="" isNullable="false"/>
        <entry name="Size" type="String" expression="" isNullable="true"/>
        <entry name="Weight" type="BigDecimal" expression="" isNullable="true"/>
        <entry name="ProductCategoryID" type="Integer" expression="" isNullable="true"/>
        <entry name="ProductModelID" type="Integer" expression="" isNullable="true"/>
        <entry name="SellStartDate" type="java.util.Date" expression="" isNullable="false"/>
        <entry name="SellEndDate" type="java.util.Date" expression="" isNullable="true"/>
        <entry name="DiscontinuedDate" type="java.util.Date" expression="" isNullable="true"/>
        <entry name="ThumbNailPhoto" type="Object" expression="" isNullable="true"/>
        <entry name="ThumbnailPhotoFileName" type="String" expression="" isNullable="true"/>
        <entry name="rowguid" type="Object" expression="" isNullable="false"/>
        <entry name="ModifiedDate" type="java.util.Date" expression="" isNullable="false"/>
      </metadataTableEntries>
    </table>
  </mapperTable>
  <mapperTable type="output">
    <table name="SalesProduct" isMinimized="false" isReject="false" isRejectInnerJoin="false" isInnerJoin="false" isPersistent="false" expressionFilter="null" activateExpressionFilter="false" activateCondensedTool="false" activateColumnNameFilter="false" columnNameFilter="null">
      <metadataTableEntries>
        <entry name="SalesOrderID" type="int" expression="row17.SalesOrderID " isNullable="false"/>
        <entry name="RevisionNumber" type="short" expression="row17.RevisionNumber " isNullable="false"/>
        <entry name="OrderDate" type="java.util.Date" expression="row17.OrderDate " isNullable="false"/>
        <entry name="DueDate" type="java.util.Date" expression="row17.DueDate " isNullable="false"/>
        <entry name="ShipDate" type="java.util.Date" expression="row17.ShipDate " isNullable="true"/>
        <entry name="Status" type="short" expression="row17.Status " isNullable="false"/>
        <entry name="OnlineOrderFlag" type="Integer" expression="row17.OnlineOrderFlag " isNullable="true"/>
        <entry name="SalesOrderNumber" type="String" expression="row17.SalesOrderNumber " isNullable="false"/>
        <entry name="CustomerID" type="int" expression="row17.CustomerID " isNullable="false"/>
        <entry name="ShipToAddressID" type="Integer" expression="row17.ShipToAddressID " isNullable="true"/>
        <entry name="BillToAddressID" type="Integer" expression="row17.BillToAddressID " isNullable="true"/>
        <entry name="ShipMethod" type="String" expression="row17.ShipMethod " isNullable="false"/>
        <entry name="CreditCardApprovalCode" type="String" expression="row17.CreditCardApprovalCode " isNullable="true"/>
        <entry name="SubTotal" type="Object" expression="row17.SubTotal " isNullable="false"/>
        <entry name="TaxAmt" type="Object" expression="row17.TaxAmt " isNullable="false"/>
        <entry name="Freight" type="Object" expression="row17.Freight " isNullable="false"/>
        <entry name="TotalDue" type="BigDecimal" expression="row17.TotalDue " isNullable="false"/>
        <entry name="Comment" type="String" expression="row17.Comment " isNullable="true"/>
        <entry name="OrderQty" type="short" expression="row16.OrderQty " isNullable="false"/>
        <entry name="UnitPrice" type="Object" expression="row16.UnitPrice " isNullable="false"/>
        <entry name="UnitPriceDiscount" type="Object" expression="row16.UnitPriceDiscount " isNullable="false"/>
        <entry name="LineTotal" type="BigDecimal" expression="row16.LineTotal " isNullable="false"/>
        <entry name="ProductName" type="String" expression="row18.Name " isNullable="true"/>
        <entry name="ProductColor" type="String" expression="row18.Color " isNullable="true"/>
        <entry name="StandardCost" type="Object" expression="row18.StandardCost " isNullable="false"/>
        <entry name="ProductID" type="int" expression="row16.ProductID " isNullable="false"/>
      </metadataTableEntries>
    </table>
  </mapperTable>
  <mapperTable type="var">
    <table name="Var" isMinimized="true" isReject="false" isRejectInnerJoin="false" isInnerJoin="false" isPersistent="false" expressionFilter="null" activateExpressionFilter="false" activateCondensedTool="false" activateColumnNameFilter="false" columnNameFilter="null"/>
  </mapperTable>
</externalNode>
