<?xml version="1.1" encoding="UTF-8"?>

<externalNode i18n.job.component.parameters="Component Parameters:" i18n.job.properties="Properties" i18n.job.values="Values" i18n.mapper.table.for="Mapper table for " i18n.mapper.table.properties="Mapper table Properties" i18n.job.name="Name" i18n.tmap.matching.mode="Matching-mode" i18n.mapper.table.isminimized="isMinimized" i18n.tmap.isreject="isReject" i18n.tmap.isrejectinnnerjoin="isRejectInnerJoin" i18n.tmap.isinnerjoin="isInnerJoin" i18n.tmap.expressionfilter="expressionFilter" i18n.mapper.table.metadata.entries="Metadata Table Entries" i18n.job.type="Type" i18n.mapper.table.expression="Expression" i18n.tmap.isnullable="isNullable" i18n.tmap.constraint.entries="Constraint Table Entries" name="tMap_4" preview="pictures/_GTQx4OHqEeuUp6xrcVqGUQ-tMap_4-PREVIEW.bmp">
  <parameters>
    <column name="tStatCatcher Statistics">false</column>
    <column name="Mapping links display as:">AUTO</column>
    <column name="Temp data directory path:"></column>
    <column name="Max buffer size (nb of rows):">2000000</column>
    <column name="Ignore trailing zeros for BigDecimal">true</column>
    <column name="Show Information">false</column>
    <column name="Comment"><![CDATA[]]></column>
    <column name="Use an existing validation rule">false</column>
  </parameters>
  <mapperTable type="input">
    <table name="row11" matching-mode="UNIQUE_MATCH" lookup-mode="LOAD_ONCE" isMinimized="false" isReject="false" isRejectInnerJoin="false" isInnerJoin="false" isPersistent="false" expressionFilter="null" activateExpressionFilter="false" activateCondensedTool="false" activateColumnNameFilter="false" columnNameFilter="null">
      <metadataTableEntries>
        <entry name="CustomerID" type="int" expression="" isNullable="false"/>
        <entry name="AddressID" type="int" expression="" isNullable="false"/>
        <entry name="rowguid" type="Object" expression="" isNullable="false"/>
        <entry name="ModifiedDate" type="java.util.Date" expression="" isNullable="false"/>
      </metadataTableEntries>
    </table>
    <table name="row13" matching-mode="UNIQUE_MATCH" lookup-mode="LOAD_ONCE" isMinimized="false" isReject="false" isRejectInnerJoin="false" isInnerJoin="false" isPersistent="false" expressionFilter="null" activateExpressionFilter="false" activateCondensedTool="false" activateColumnNameFilter="false" columnNameFilter="null">
      <metadataTableEntries>
        <entry name="CustomerID" type="int" expression="row11.CustomerID " isNullable="false"/>
        <entry name="NameStyle" type="String" expression="" isNullable="true"/>
        <entry name="Title" type="String" expression="" isNullable="true"/>
        <entry name="CompanyName" type="String" expression="" isNullable="true"/>
        <entry name="SalesPerson" type="String" expression="" isNullable="true"/>
        <entry name="EmailAddress" type="String" expression="" isNullable="true"/>
        <entry name="Phone" type="String" expression="" isNullable="true"/>
        <entry name="PasswordHash" type="String" expression="" isNullable="false"/>
        <entry name="PasswordSalt" type="String" expression="" isNullable="false"/>
        <entry name="rowguid" type="Object" expression="" isNullable="false"/>
        <entry name="ModifiedDate" type="java.util.Date" expression="" isNullable="false"/>
      </metadataTableEntries>
    </table>
    <table name="row14" matching-mode="UNIQUE_MATCH" lookup-mode="LOAD_ONCE" isMinimized="false" isReject="false" isRejectInnerJoin="false" isInnerJoin="false" isPersistent="false" expressionFilter="null" activateExpressionFilter="false" activateCondensedTool="false" activateColumnNameFilter="false" columnNameFilter="null">
      <metadataTableEntries>
        <entry name="AddressID" type="int" expression="row11.AddressID " isNullable="false"/>
        <entry name="AddressLine1" type="String" expression="" isNullable="false"/>
        <entry name="AddressLine2" type="String" expression="" isNullable="true"/>
        <entry name="City" type="String" expression="" isNullable="false"/>
        <entry name="StateProvince" type="String" expression="" isNullable="true"/>
        <entry name="CountryRegion" type="String" expression="" isNullable="true"/>
        <entry name="PostalCode" type="String" expression="" isNullable="false"/>
        <entry name="rowguid" type="Object" expression="" isNullable="false"/>
        <entry name="ModifiedDate" type="java.util.Date" expression="" isNullable="false"/>
      </metadataTableEntries>
    </table>
  </mapperTable>
  <mapperTable type="output">
    <table name="Customer1" isMinimized="false" isReject="false" isRejectInnerJoin="false" isInnerJoin="false" isPersistent="false" expressionFilter="null" activateExpressionFilter="false" activateCondensedTool="false" activateColumnNameFilter="false" columnNameFilter="null">
      <metadataTableEntries>
        <entry name="CustomerID" type="int" expression="row11.CustomerID " isNullable="false"/>
        <entry name="Title" type="String" expression="row13.Title " isNullable="true"/>
        <entry name="CompanyName" type="String" expression="row13.CompanyName " isNullable="true"/>
        <entry name="EmailAddress" type="String" expression="row13.EmailAddress " isNullable="true"/>
        <entry name="Phone" type="String" expression="row13.Phone " isNullable="true"/>
        <entry name="AddressLine1" type="String" expression="row14.AddressLine1 " isNullable="false"/>
        <entry name="City" type="String" expression="row14.City " isNullable="false"/>
        <entry name="StateProvince" type="String" expression="row14.StateProvince " isNullable="true"/>
        <entry name="CountryRegion" type="String" expression="row14.CountryRegion " isNullable="true"/>
      </metadataTableEntries>
    </table>
  </mapperTable>
  <mapperTable type="var">
    <table name="Var" isMinimized="true" isReject="false" isRejectInnerJoin="false" isInnerJoin="false" isPersistent="false" expressionFilter="null" activateExpressionFilter="false" activateCondensedTool="false" activateColumnNameFilter="false" columnNameFilter="null"/>
  </mapperTable>
</externalNode>
