ML Road Frame-W - Yellow, 48;Yellow;48;1061.40;360.9428;71774;01-06-2008;1092;29847
ML Road Frame-W - Yellow, 38;Yellow;38;988.83;360.9428;71774;01-06-2008;1092;29847
Rear Brakes;Silver;;317.00;47.2860;71776;01-06-2008;640;30072
ML Mountain Frame-W - Silver, 42;Silver;42;1274.59;199.3757;71780;01-06-2008;653;30113
Mountain-400-W Silver, 46;Silver;46;12437.44;419.7784;71780;01-06-2008;653;30113
Mountain-500 Silver, 52;Silver;52;13008.96;308.2179;71780;01-06-2008;653;30113
HL Mountain Frame - Silver, 38;Silver;38;1215.62;747.2002;71780;01-06-2008;653;30113
Mountain-500 Black, 42;Black;42;12596.19;294.5797;71780;01-06-2008;653;30113
LL Mountain Frame - Black, 48;Black;48;1360.77;136.7850;71780;01-06-2008;653;30113
HL Mountain Frame - Black, 42;Black;42;1233.76;739.0410;71780;01-06-2008;653;30113
Mountain-200 Black, 38;Black;38;10591.33;1251.9813;71780;01-06-2008;653;30113
LL Mountain Frame - Silver, 44;Silver;44;1342.63;144.5938;71780;01-06-2008;653;30113
Mountain-200 Silver, 42;Silver;42;10781.83;1265.6195;71780;01-06-2008;653;30113
HL Mountain Pedal;Silver/Black;;185.00;35.9596;71780;01-06-2008;653;30113
Women's Mountain Shorts, S;Black;S;;26.1763;71780;01-06-2008;653;30113
Mountain-500 Silver, 42;Silver;42;12596.19;308.2179;71780;01-06-2008;653;30113
Mountain-500 Black, 40;Black;40;12405.69;294.5797;71780;01-06-2008;653;30113
Mountain-500 Black, 44;Black;44;12759.49;294.5797;71780;01-06-2008;653;30113
Mountain-500 Black, 48;Black;48;12891.03;294.5797;71780;01-06-2008;653;30113
Mountain-500 Black, 52;Black;52;13008.96;294.5797;71780;01-06-2008;653;30113
Mountain-500 Silver, 40;Silver;40;12405.69;308.2179;71780;01-06-2008;653;30113
Mountain-500 Silver, 44;Silver;44;12759.49;308.2179;71780;01-06-2008;653;30113
Mountain-500 Silver, 48;Silver;48;12891.03;308.2179;71780;01-06-2008;653;30113
Mountain-400-W Silver, 40;Silver;40;12142.60;419.7784;71780;01-06-2008;653;30113
Mountain-400-W Silver, 42;Silver;42;12305.90;419.7784;71780;01-06-2008;653;30113
Mountain-200 Black, 42;Black;42;10781.83;1251.9813;71780;01-06-2008;653;30113
ML Mountain Handlebars;;;;27.4925;71780;01-06-2008;653;30113
HL Mountain Handlebars;;;;53.3999;71780;01-06-2008;653;30113
LL Mountain Pedal;Silver/Black;;218.00;17.9776;71780;01-06-2008;653;30113
LL Mountain Frame - Black, 44;Black;44;1342.63;136.7850;71780;01-06-2008;653;30113
Women's Mountain Shorts, L;Black;L;;26.1763;71780;01-06-2008;653;30113
Hydration Pack - 70 oz.;Silver;70;;20.5663;71780;01-06-2008;653;30113
Long-Sleeve Logo Jersey, M;Multi;M;;38.4923;71782;01-06-2008;1086;29485
Touring-1000 Yellow, 54;Yellow;54;11648.19;1481.9379;71782;01-06-2008;1086;29485
Touring-1000 Yellow, 46;Yellow;46;11398.72;1481.9379;71782;01-06-2008;1086;29485
AWC Logo Cap;Multi;;;6.9223;71782;01-06-2008;1086;29485
Bike Wash - Dissolver;;;;2.9733;71782;01-06-2008;1086;29485
HL Bottom Bracket;;;170.00;53.9416;71782;01-06-2008;1086;29485
Classic Vest, S;Blue;S;;23.7490;71782;01-06-2008;1086;29485
Hitch Rack - 4-Bike;;;;44.8800;71782;01-06-2008;1086;29485
Touring-3000 Blue, 58;Blue;58;13562.34;461.4448;71782;01-06-2008;1086;29485
Touring-2000 Blue, 50;Blue;50;12437.44;755.1508;71782;01-06-2008;1086;29485
Water Bottle - 30 oz.;;;;1.8663;71782;01-06-2008;1086;29485
Touring-3000 Blue, 44;Blue;44;13049.78;461.4448;71782;01-06-2008;1086;29485
Touring-1000 Yellow, 50;Yellow;50;11530.26;1481.9379;71782;01-06-2008;1086;29485
Front Brakes;Silver;;317.00;47.2860;71782;01-06-2008;1086;29485
LL Bottom Bracket;;;223.00;23.9716;71782;01-06-2008;1086;29485
Touring-2000 Blue, 46;Blue;46;12305.90;755.1508;71782;01-06-2008;1086;29485
Touring-1000 Blue, 46;Blue;46;11398.72;1481.9379;71782;01-06-2008;1086;29485
Short-Sleeve Classic Jersey, XL;Yellow;XL;;41.5723;71782;01-06-2008;1086;29485
HL Touring Frame - Yellow, 60;Yellow;60;1397.06;601.7437;71782;01-06-2008;1086;29485
Long-Sleeve Logo Jersey, L;Multi;L;;38.4923;71782;01-06-2008;1086;29485
Rear Derailleur;Silver;;215.00;53.9282;71782;01-06-2008;1086;29485
Touring-1000 Yellow, 60;Yellow;60;11747.98;1481.9379;71782;01-06-2008;1086;29485
Touring-1000 Blue, 50;Blue;50;11530.26;1481.9379;71782;01-06-2008;1086;29485
Sport-100 Helmet, Black;Black;;;13.0863;71782;01-06-2008;1086;29485
Touring-3000 Yellow, 44;Yellow;44;13049.78;461.4448;71782;01-06-2008;1086;29485
Touring-3000 Blue, 50;Blue;50;13213.08;461.4448;71782;01-06-2008;1086;29485
Touring-3000 Blue, 54;Blue;54;13462.55;461.4448;71782;01-06-2008;1086;29485
Touring-3000 Yellow, 54;Yellow;54;13344.62;461.4448;71782;01-06-2008;1086;29485
Touring-2000 Blue, 60;Blue;60;12655.16;755.1508;71782;01-06-2008;1086;29485
Touring-1000 Blue, 54;Blue;54;11648.19;1481.9379;71782;01-06-2008;1086;29485
HL Crankset;Black;;575.00;179.8156;71782;01-06-2008;1086;29485
Front Derailleur;Silver;;88.00;40.6216;71782;01-06-2008;1086;29485
HL Touring Seat/Saddle;;;;23.3722;71782;01-06-2008;1086;29485
LL Touring Frame - Yellow, 62;Yellow;62;1451.49;199.8519;71782;01-06-2008;1086;29485
HL Touring Frame - Blue, 54;Blue;54;1378.91;601.7437;71782;01-06-2008;1086;29485
HL Touring Frame - Blue, 60;Blue;60;1397.06;601.7437;71782;01-06-2008;1086;29485
Short-Sleeve Classic Jersey, S;Yellow;S;;41.5723;71782;01-06-2008;1086;29485
Short-Sleeve Classic Jersey, L;Yellow;L;;41.5723;71782;01-06-2008;1086;29485
Half-Finger Gloves, M;Black;M;;9.1593;71782;01-06-2008;1086;29485
Classic Vest, M;Blue;M;;23.7490;71782;01-06-2008;1086;29485
Hydration Pack - 70 oz.;Silver;70;;20.5663;71782;01-06-2008;1086;29485
Sport-100 Helmet, Blue;Blue;;;13.0863;71782;01-06-2008;1086;29485
Sport-100 Helmet, Red;Red;;;13.0863;71782;01-06-2008;1086;29485
LL Road Frame - Black, 52;Black;52;1088.62;204.6251;71783;01-06-2008;992;29957
ML Road Pedal;Silver/Black;;168.00;27.5680;71783;01-06-2008;992;29957
Road-250 Black, 44;Black;44;6699.52;1554.9479;71783;01-06-2008;992;29957
Road-750 Black, 58;Black;58;9430.14;343.6496;71783;01-06-2008;992;29957
Hydration Pack - 70 oz.;Silver;70;;20.5663;71783;01-06-2008;992;29957
Half-Finger Gloves, M;Black;M;;9.1593;71783;01-06-2008;992;29957
Road-350-W Yellow, 48;Yellow;48;7447.95;1082.5100;71783;01-06-2008;992;29957
Long-Sleeve Logo Jersey, M;Multi;M;;38.4923;71783;01-06-2008;992;29957
Bike Wash - Dissolver;;;;2.9733;71783;01-06-2008;992;29957
HL Road Handlebars;;;;53.3999;71783;01-06-2008;992;29957
Short-Sleeve Classic Jersey, S;Yellow;S;;41.5723;71783;01-06-2008;992;29957
Patch Kit/8 Patches;;;;0.8565;71783;01-06-2008;992;29957
Water Bottle - 30 oz.;;;;1.8663;71783;01-06-2008;992;29957
ML Road Frame-W - Yellow, 38;Yellow;38;988.83;360.9428;71783;01-06-2008;992;29957
Road-550-W Yellow, 42;Yellow;42;8223.59;713.0798;71783;01-06-2008;992;29957
Half-Finger Gloves, S;Black;S;;9.1593;71783;01-06-2008;992;29957
Half-Finger Gloves, L;Black;L;;9.1593;71783;01-06-2008;992;29957
Classic Vest, S;Blue;S;;23.7490;71783;01-06-2008;992;29957
LL Road Pedal;Silver/Black;;189.00;17.9776;71783;01-06-2008;992;29957
Short-Sleeve Classic Jersey, L;Yellow;L;;41.5723;71783;01-06-2008;992;29957
LL Road Frame - Black, 58;Black;58;1115.83;204.6251;71783;01-06-2008;992;29957
Short-Sleeve Classic Jersey, XL;Yellow;XL;;41.5723;71783;01-06-2008;992;29957
Road-750 Black, 48;Black;48;9130.77;343.6496;71783;01-06-2008;992;29957
Road-750 Black, 52;Black;52;9262.31;343.6496;71783;01-06-2008;992;29957
Road-550-W Yellow, 38;Yellow;38;7869.79;713.0798;71783;01-06-2008;992;29957
Road-550-W Yellow, 40;Yellow;40;8060.29;713.0798;71783;01-06-2008;992;29957
Road-550-W Yellow, 48;Yellow;48;8473.06;713.0798;71783;01-06-2008;992;29957
Road-350-W Yellow, 40;Yellow;40;6962.61;1082.5100;71783;01-06-2008;992;29957
Road-350-W Yellow, 42;Yellow;42;7153.11;1082.5100;71783;01-06-2008;992;29957
HL Road Pedal;Silver/Black;;149.00;35.9596;71783;01-06-2008;992;29957
ML Road Frame-W - Yellow, 44;Yellow;44;1043.26;360.9428;71783;01-06-2008;992;29957
ML Road Frame-W - Yellow, 48;Yellow;48;1061.40;360.9428;71783;01-06-2008;992;29957
HL Road Frame - Black, 44;Black;44;961.61;868.6342;71783;01-06-2008;992;29957
HL Road Frame - Red, 44;Red;44;961.61;868.6342;71783;01-06-2008;992;29957
Long-Sleeve Logo Jersey, L;Multi;L;;38.4923;71783;01-06-2008;992;29957
Long-Sleeve Logo Jersey, XL;Multi;XL;;38.4923;71783;01-06-2008;992;29957
Racing Socks, L;White;L;;3.3623;71783;01-06-2008;992;29957
Classic Vest, M;Blue;M;;23.7490;71783;01-06-2008;992;29957
AWC Logo Cap;Multi;;;6.9223;71783;01-06-2008;992;29957
Sport-100 Helmet, Blue;Blue;;;13.0863;71783;01-06-2008;992;29957
Hitch Rack - 4-Bike;;;;44.8800;71783;01-06-2008;992;29957
Sport-100 Helmet, Red;Red;;;13.0863;71783;01-06-2008;992;29957
Sport-100 Helmet, Black;Black;;;13.0863;71783;01-06-2008;992;29957
Sport-100 Helmet, Blue;Blue;;;13.0863;71784;01-06-2008;659;29736
HL Touring Frame - Yellow, 60;Yellow;60;1397.06;601.7437;71784;01-06-2008;659;29736
Touring-1000 Yellow, 46;Yellow;46;11398.72;1481.9379;71784;01-06-2008;659;29736
Water Bottle - 30 oz.;;;;1.8663;71784;01-06-2008;659;29736
Classic Vest, M;Blue;M;;23.7490;71784;01-06-2008;659;29736
Touring-2000 Blue, 46;Blue;46;12305.90;755.1508;71784;01-06-2008;659;29736
Touring-3000 Blue, 58;Blue;58;13562.34;461.4448;71784;01-06-2008;659;29736
Long-Sleeve Logo Jersey, M;Multi;M;;38.4923;71784;01-06-2008;659;29736
AWC Logo Cap;Multi;;;6.9223;71784;01-06-2008;659;29736
Touring-2000 Blue, 54;Blue;54;12555.37;755.1508;71784;01-06-2008;659;29736
Bike Wash - Dissolver;;;;2.9733;71784;01-06-2008;659;29736
Long-Sleeve Logo Jersey, XL;Multi;XL;;38.4923;71784;01-06-2008;659;29736
Touring-3000 Yellow, 62;Yellow;62;13607.70;461.4448;71784;01-06-2008;659;29736
Touring-3000 Blue, 54;Blue;54;13462.55;461.4448;71784;01-06-2008;659;29736
Hitch Rack - 4-Bike;;;;44.8800;71784;01-06-2008;659;29736
LL Touring Frame - Yellow, 44;Yellow;44;1369.84;199.8519;71784;01-06-2008;659;29736
Half-Finger Gloves, S;Black;S;;9.1593;71784;01-06-2008;659;29736
HL Touring Frame - Yellow, 54;Yellow;54;1378.91;601.7437;71784;01-06-2008;659;29736
Touring-3000 Yellow, 50;Yellow;50;13213.08;461.4448;71784;01-06-2008;659;29736
LL Touring Frame - Blue, 50;Blue;50;1406.13;199.8519;71784;01-06-2008;659;29736
Touring-1000 Yellow, 60;Yellow;60;11747.98;1481.9379;71784;01-06-2008;659;29736
Touring-3000 Blue, 50;Blue;50;13213.08;461.4448;71784;01-06-2008;659;29736
Touring-3000 Yellow, 44;Yellow;44;13049.78;461.4448;71784;01-06-2008;659;29736
Touring-3000 Yellow, 54;Yellow;54;13344.62;461.4448;71784;01-06-2008;659;29736
Touring-2000 Blue, 60;Blue;60;12655.16;755.1508;71784;01-06-2008;659;29736
Touring-1000 Blue, 46;Blue;46;11398.72;1481.9379;71784;01-06-2008;659;29736
Touring-1000 Blue, 50;Blue;50;11530.26;1481.9379;71784;01-06-2008;659;29736
Touring-1000 Blue, 60;Blue;60;11747.98;1481.9379;71784;01-06-2008;659;29736
Touring-1000 Yellow, 50;Yellow;50;11530.26;1481.9379;71784;01-06-2008;659;29736
HL Touring Seat/Saddle;;;;23.3722;71784;01-06-2008;659;29736
LL Touring Frame - Blue, 54;Blue;54;1424.27;199.8519;71784;01-06-2008;659;29736
LL Touring Frame - Yellow, 50;Yellow;50;1406.13;199.8519;71784;01-06-2008;659;29736
HL Touring Frame - Blue, 60;Blue;60;1397.06;601.7437;71784;01-06-2008;659;29736
Long-Sleeve Logo Jersey, L;Multi;L;;38.4923;71784;01-06-2008;659;29736
Short-Sleeve Classic Jersey, S;Yellow;S;;41.5723;71784;01-06-2008;659;29736
Short-Sleeve Classic Jersey, L;Yellow;L;;41.5723;71784;01-06-2008;659;29736
Short-Sleeve Classic Jersey, XL;Yellow;XL;;41.5723;71784;01-06-2008;659;29736
Half-Finger Gloves, M;Black;M;;9.1593;71784;01-06-2008;659;29736
Classic Vest, S;Blue;S;;23.7490;71784;01-06-2008;659;29736
Hydration Pack - 70 oz.;Silver;70;;20.5663;71784;01-06-2008;659;29736
Patch Kit/8 Patches;;;;0.8565;71784;01-06-2008;659;29736
Sport-100 Helmet, Red;Red;;;13.0863;71784;01-06-2008;659;29736
Sport-100 Helmet, Black;Black;;;13.0863;71784;01-06-2008;659;29736
HL Touring Frame - Blue, 50;Blue;50;1360.77;601.7437;71796;01-06-2008;1058;29660
Touring-2000 Blue, 54;Blue;54;12555.37;755.1508;71796;01-06-2008;1058;29660
Touring-2000 Blue, 60;Blue;60;12655.16;755.1508;71796;01-06-2008;1058;29660
HL Touring Seat/Saddle;;;;23.3722;71796;01-06-2008;1058;29660
Touring-3000 Blue, 54;Blue;54;13462.55;461.4448;71796;01-06-2008;1058;29660
Touring-1000 Yellow, 60;Yellow;60;11747.98;1481.9379;71796;01-06-2008;1058;29660
Touring-1000 Blue, 60;Blue;60;11747.98;1481.9379;71796;01-06-2008;1058;29660
Touring-1000 Blue, 50;Blue;50;11530.26;1481.9379;71796;01-06-2008;1058;29660
Touring-3000 Blue, 50;Blue;50;13213.08;461.4448;71796;01-06-2008;1058;29660
Touring-3000 Yellow, 44;Yellow;44;13049.78;461.4448;71796;01-06-2008;1058;29660
Touring-3000 Yellow, 62;Yellow;62;13607.70;461.4448;71796;01-06-2008;1058;29660
Touring-2000 Blue, 46;Blue;46;12305.90;755.1508;71796;01-06-2008;1058;29660
Touring-1000 Yellow, 46;Yellow;46;11398.72;1481.9379;71796;01-06-2008;1058;29660
Touring-1000 Yellow, 50;Yellow;50;11530.26;1481.9379;71796;01-06-2008;1058;29660
HL Touring Handlebars;;;;40.6571;71796;01-06-2008;1058;29660
LL Touring Frame - Yellow, 44;Yellow;44;1369.84;199.8519;71796;01-06-2008;1058;29660
LL Touring Frame - Yellow, 50;Yellow;50;1406.13;199.8519;71796;01-06-2008;1058;29660
HL Touring Frame - Blue, 54;Blue;54;1378.91;601.7437;71796;01-06-2008;1058;29660
HL Touring Frame - Blue, 60;Blue;60;1397.06;601.7437;71796;01-06-2008;1058;29660
HL Touring Frame - Yellow, 60;Yellow;60;1397.06;601.7437;71796;01-06-2008;1058;29660
Sport-100 Helmet, Blue;Blue;;;13.0863;71797;01-06-2008;642;29796
HL Road Frame - Black, 44;Black;44;961.61;868.6342;71797;01-06-2008;642;29796
Long-Sleeve Logo Jersey, M;Multi;M;;38.4923;71797;01-06-2008;642;29796
HL Road Pedal;Silver/Black;;149.00;35.9596;71797;01-06-2008;642;29796
Short-Sleeve Classic Jersey, L;Yellow;L;;41.5723;71797;01-06-2008;642;29796
HL Road Seat/Saddle;;;;23.3722;71797;01-06-2008;642;29796
LL Road Frame - Black, 52;Black;52;1088.62;204.6251;71797;01-06-2008;642;29796
LL Road Frame - Black, 58;Black;58;1115.83;204.6251;71797;01-06-2008;642;29796
ML Road Frame-W - Yellow, 44;Yellow;44;1043.26;360.9428;71797;01-06-2008;642;29796
HL Road Frame - Red, 44;Red;44;961.61;868.6342;71797;01-06-2008;642;29796
Long-Sleeve Logo Jersey, L;Multi;L;;38.4923;71797;01-06-2008;642;29796
Long-Sleeve Logo Jersey, XL;Multi;XL;;38.4923;71797;01-06-2008;642;29796
Short-Sleeve Classic Jersey, XL;Yellow;XL;;41.5723;71797;01-06-2008;642;29796
Racing Socks, L;White;L;;3.3623;71797;01-06-2008;642;29796
Half-Finger Gloves, L;Black;L;;9.1593;71797;01-06-2008;642;29796
AWC Logo Cap;Multi;;;6.9223;71797;01-06-2008;642;29796
Hydration Pack - 70 oz.;Silver;70;;20.5663;71797;01-06-2008;642;29796
Patch Kit/8 Patches;;;;0.8565;71797;01-06-2008;642;29796
Hitch Rack - 4-Bike;;;;44.8800;71797;01-06-2008;642;29796
Road-750 Black, 58;Black;58;9430.14;343.6496;71797;01-06-2008;642;29796
Road-550-W Yellow, 40;Yellow;40;8060.29;713.0798;71797;01-06-2008;642;29796
HL Road Handlebars;;;;53.3999;71797;01-06-2008;642;29796
ML Road Pedal;Silver/Black;;168.00;27.5680;71797;01-06-2008;642;29796
Road-550-W Yellow, 48;Yellow;48;8473.06;713.0798;71797;01-06-2008;642;29796
Road-750 Black, 48;Black;48;9130.77;343.6496;71797;01-06-2008;642;29796
Road-750 Black, 52;Black;52;9262.31;343.6496;71797;01-06-2008;642;29796
LL Road Pedal;Silver/Black;;189.00;17.9776;71797;01-06-2008;642;29796
Road-250 Black, 48;Black;48;6862.82;1554.9479;71797;01-06-2008;642;29796
Road-250 Black, 52;Black;52;6994.36;1554.9479;71797;01-06-2008;642;29796
Road-550-W Yellow, 38;Yellow;38;7869.79;713.0798;71797;01-06-2008;642;29796
Short-Sleeve Classic Jersey, S;Yellow;S;;41.5723;71797;01-06-2008;642;29796
Classic Vest, M;Blue;M;;23.7490;71797;01-06-2008;642;29796
Classic Vest, S;Blue;S;;23.7490;71797;01-06-2008;642;29796
Road-350-W Yellow, 48;Yellow;48;7447.95;1082.5100;71797;01-06-2008;642;29796
Bike Wash - Dissolver;;;;2.9733;71797;01-06-2008;642;29796
Road-250 Black, 44;Black;44;6699.52;1554.9479;71797;01-06-2008;642;29796
Road-350-W Yellow, 42;Yellow;42;7153.11;1082.5100;71797;01-06-2008;642;29796
Sport-100 Helmet, Red;Red;;;13.0863;71797;01-06-2008;642;29796
Half-Finger Gloves, M;Black;M;;9.1593;71797;01-06-2008;642;29796
Road-350-W Yellow, 40;Yellow;40;6962.61;1082.5100;71797;01-06-2008;642;29796
Water Bottle - 30 oz.;;;;1.8663;71797;01-06-2008;642;29796
HL Road Frame - Red, 62;Red;62;1043.26;868.6342;71797;01-06-2008;642;29796
Half-Finger Gloves, S;Black;S;;9.1593;71797;01-06-2008;642;29796
ML Road Frame-W - Yellow, 48;Yellow;48;1061.40;360.9428;71797;01-06-2008;642;29796
Sport-100 Helmet, Black;Black;;;13.0863;71797;01-06-2008;642;29796
ML Road Frame-W - Yellow, 38;Yellow;38;988.83;360.9428;71797;01-06-2008;642;29796
LL Road Frame - Black, 52;Black;52;1088.62;204.6251;71815;01-06-2008;1034;30089
ML Road Frame-W - Yellow, 44;Yellow;44;1043.26;360.9428;71815;01-06-2008;1034;30089
Racing Socks, M;White;M;;3.3623;71815;01-06-2008;1034;30089
Touring-2000 Blue, 60;Blue;60;12655.16;755.1508;71816;01-06-2008;1038;30027
Touring-1000 Yellow, 46;Yellow;46;11398.72;1481.9379;71816;01-06-2008;1038;30027
Long-Sleeve Logo Jersey, L;Multi;L;;38.4923;71816;01-06-2008;1038;30027
AWC Logo Cap;Multi;;;6.9223;71816;01-06-2008;1038;30027
Short-Sleeve Classic Jersey, L;Yellow;L;;41.5723;71816;01-06-2008;1038;30027
Touring-3000 Yellow, 44;Yellow;44;13049.78;461.4448;71816;01-06-2008;1038;30027
Front Brakes;Silver;;317.00;47.2860;71816;01-06-2008;1038;30027
Women's Mountain Shorts, L;Black;L;;26.1763;71831;01-06-2008;652;30019
Mountain-200 Black, 38;Black;38;10591.33;1251.9813;71831;01-06-2008;652;30019
Women's Mountain Shorts, S;Black;S;;26.1763;71831;01-06-2008;652;30019
LL Mountain Frame - Silver, 44;Silver;44;1342.63;144.5938;71832;01-06-2008;639;29922
Mountain-400-W Silver, 46;Silver;46;12437.44;419.7784;71832;01-06-2008;639;29922
Mountain-200 Silver, 46;Silver;46;10945.13;1265.6195;71832;01-06-2008;639;29922
Women's Mountain Shorts, M;Black;M;;26.1763;71832;01-06-2008;639;29922
HL Mountain Handlebars;;;;53.3999;71832;01-06-2008;639;29922
Mountain-400-W Silver, 38;Silver;38;11952.10;419.7784;71832;01-06-2008;639;29922
LL Mountain Frame - Black, 44;Black;44;1342.63;136.7850;71832;01-06-2008;639;29922
Mountain-500 Silver, 42;Silver;42;12596.19;308.2179;71832;01-06-2008;639;29922
LL Mountain Seat/Saddle;;;;12.0413;71832;01-06-2008;639;29922
Women's Mountain Shorts, S;Black;S;;26.1763;71832;01-06-2008;639;29922
Mountain-200 Black, 38;Black;38;10591.33;1251.9813;71832;01-06-2008;639;29922
HL Mountain Pedal;Silver/Black;;185.00;35.9596;71832;01-06-2008;639;29922
ML Mountain Pedal;Silver/Black;;215.00;27.5680;71832;01-06-2008;639;29922
HL Mountain Frame - Black, 42;Black;42;1233.76;739.0410;71832;01-06-2008;639;29922
ML Mountain Frame-W - Silver, 40;Silver;40;1256.44;199.3757;71832;01-06-2008;639;29922
HL Mountain Frame - Silver, 38;Silver;38;1215.62;747.2002;71832;01-06-2008;639;29922
HL Mountain Seat/Saddle;;;;23.3722;71832;01-06-2008;639;29922
Mountain-200 Black, 46;Black;46;10945.13;1251.9813;71832;01-06-2008;639;29922
Mountain-500 Black, 42;Black;42;12596.19;294.5797;71832;01-06-2008;639;29922
Mountain-500 Black, 48;Black;48;12891.03;294.5797;71832;01-06-2008;639;29922
Mountain-500 Silver, 40;Silver;40;12405.69;308.2179;71832;01-06-2008;639;29922
Mountain-200 Silver, 38;Silver;38;10591.33;1265.6195;71832;01-06-2008;639;29922
Mountain-200 Silver, 42;Silver;42;10781.83;1265.6195;71832;01-06-2008;639;29922
LL Mountain Frame - Silver, 40;Silver;40;1306.34;144.5938;71832;01-06-2008;639;29922
LL Mountain Handlebars;;;;19.7758;71832;01-06-2008;639;29922
ML Mountain Handlebars;;;;27.4925;71832;01-06-2008;639;29922
LL Mountain Pedal;Silver/Black;;218.00;17.9776;71832;01-06-2008;639;29922
LL Mountain Frame - Black, 48;Black;48;1360.77;136.7850;71832;01-06-2008;639;29922
LL Mountain Frame - Silver, 42;Silver;42;1324.48;144.5938;71832;01-06-2008;639;29922
LL Mountain Frame - Silver, 52;Silver;52;1378.91;144.5938;71832;01-06-2008;639;29922
Mountain-500 Silver, 52;Silver;52;13008.96;308.2179;71845;01-06-2008;1020;29938
Front Brakes;Silver;;317.00;47.2860;71845;01-06-2008;1020;29938
ML Mountain Frame-W - Silver, 40;Silver;40;1256.44;199.3757;71845;01-06-2008;1020;29938
HL Mountain Frame - Silver, 46;Silver;46;1288.20;747.2002;71845;01-06-2008;1020;29938
Mountain-200 Silver, 42;Silver;42;10781.83;1265.6195;71845;01-06-2008;1020;29938
Front Derailleur;Silver;;88.00;40.6216;71845;01-06-2008;1020;29938
LL Crankset;Black;;600.00;77.9176;71845;01-06-2008;1020;29938
HL Mountain Pedal;Silver/Black;;185.00;35.9596;71845;01-06-2008;1020;29938
Women's Mountain Shorts, S;Black;S;;26.1763;71845;01-06-2008;1020;29938
HL Mountain Frame - Silver, 38;Silver;38;1215.62;747.2002;71845;01-06-2008;1020;29938
ML Mountain Frame-W - Silver, 42;Silver;42;1274.59;199.3757;71845;01-06-2008;1020;29938
Mountain-200 Silver, 46;Silver;46;10945.13;1265.6195;71845;01-06-2008;1020;29938
Women's Mountain Shorts, L;Black;L;;26.1763;71845;01-06-2008;1020;29938
Mountain-200 Black, 42;Black;42;10781.83;1251.9813;71845;01-06-2008;1020;29938
Mountain-200 Black, 46;Black;46;10945.13;1251.9813;71845;01-06-2008;1020;29938
HL Crankset;Black;;575.00;179.8156;71845;01-06-2008;1020;29938
HL Mountain Frame - Black, 38;Black;38;1215.62;739.0410;71845;01-06-2008;1020;29938
ML Mountain Handlebars;;;;27.4925;71845;01-06-2008;1020;29938
LL Mountain Frame - Silver, 52;Silver;52;1378.91;144.5938;71845;01-06-2008;1020;29938
HL Mountain Frame - Black, 42;Black;42;1233.76;739.0410;71845;01-06-2008;1020;29938
Long-Sleeve Logo Jersey, L;Multi;L;;38.4923;71845;01-06-2008;1020;29938
LL Mountain Frame - Silver, 40;Silver;40;1306.34;144.5938;71845;01-06-2008;1020;29938
LL Mountain Handlebars;;;;19.7758;71845;01-06-2008;1020;29938
ML Mountain Seat/Saddle;;;;17.3782;71845;01-06-2008;1020;29938
LL Mountain Frame - Black, 44;Black;44;1342.63;136.7850;71845;01-06-2008;1020;29938
Mountain-200 Black, 38;Black;38;10591.33;1251.9813;71845;01-06-2008;1020;29938
HL Mountain Seat/Saddle;;;;23.3722;71845;01-06-2008;1020;29938
HL Bottom Bracket;;;170.00;53.9416;71845;01-06-2008;1020;29938
Mountain-200 Silver, 38;Silver;38;10591.33;1265.6195;71845;01-06-2008;1020;29938
LL Mountain Frame - Black, 42;Black;42;1324.48;136.7850;71845;01-06-2008;1020;29938
Chain;Silver;;;8.9866;71845;01-06-2008;1020;29938
ML Mountain Pedal;Silver/Black;;215.00;27.5680;71846;01-06-2008;669;30102
HL Mountain Frame - Silver, 42;Silver;42;1233.76;747.2002;71846;01-06-2008;669;30102
Mountain-500 Silver, 40;Silver;40;12405.69;308.2179;71846;01-06-2008;669;30102
Mountain-400-W Silver, 40;Silver;40;12142.60;419.7784;71846;01-06-2008;669;30102
Touring-3000 Yellow, 50;Yellow;50;13213.08;461.4448;71856;01-06-2008;1090;30033
Front Derailleur;Silver;;88.00;40.6216;71856;01-06-2008;1090;30033
Touring-3000 Blue, 50;Blue;50;13213.08;461.4448;71858;01-06-2008;1019;29653
Touring-3000 Yellow, 50;Yellow;50;13213.08;461.4448;71858;01-06-2008;1019;29653
Touring-2000 Blue, 60;Blue;60;12655.16;755.1508;71858;01-06-2008;1019;29653
Long-Sleeve Logo Jersey, L;Multi;L;;38.4923;71858;01-06-2008;1019;29653
Short-Sleeve Classic Jersey, L;Yellow;L;;41.5723;71858;01-06-2008;1019;29653
Touring-1000 Yellow, 60;Yellow;60;11747.98;1481.9379;71858;01-06-2008;1019;29653
Touring-3000 Yellow, 62;Yellow;62;13607.70;461.4448;71858;01-06-2008;1019;29653
Chain;Silver;;;8.9866;71858;01-06-2008;1019;29653
Front Brakes;Silver;;317.00;47.2860;71858;01-06-2008;1019;29653
Front Derailleur;Silver;;88.00;40.6216;71858;01-06-2008;1019;29653
Touring-2000 Blue, 54;Blue;54;12555.37;755.1508;71858;01-06-2008;1019;29653
Bike Wash - Dissolver;;;;2.9733;71858;01-06-2008;1019;29653
Touring-3000 Blue, 54;Blue;54;13462.55;461.4448;71858;01-06-2008;1019;29653
Touring-1000 Blue, 60;Blue;60;11747.98;1481.9379;71858;01-06-2008;1019;29653
Touring-3000 Yellow, 44;Yellow;44;13049.78;461.4448;71858;01-06-2008;1019;29653
Touring-1000 Blue, 46;Blue;46;11398.72;1481.9379;71858;01-06-2008;1019;29653
AWC Logo Cap;Multi;;;6.9223;71858;01-06-2008;1019;29653
Racing Socks, L;White;L;;3.3623;71863;01-06-2008;1098;29975
Racing Socks, M;White;M;;3.3623;71863;01-06-2008;1098;29975
Road-750 Black, 48;Black;48;9130.77;343.6496;71863;01-06-2008;1098;29975
Road-350-W Yellow, 40;Yellow;40;6962.61;1082.5100;71863;01-06-2008;1098;29975
Sport-100 Helmet, Blue;Blue;;;13.0863;71863;01-06-2008;1098;29975
Road-750 Black, 52;Black;52;9262.31;343.6496;71863;01-06-2008;1098;29975
LL Road Pedal;Silver/Black;;189.00;17.9776;71863;01-06-2008;1098;29975
HL Road Frame - Red, 62;Red;62;1043.26;868.6342;71867;01-06-2008;643;29644
Hitch Rack - 4-Bike;;;;44.8800;71885;01-06-2008;649;29612
Short-Sleeve Classic Jersey, XL;Yellow;XL;;41.5723;71885;01-06-2008;649;29612
Classic Vest, S;Blue;S;;23.7490;71885;01-06-2008;649;29612
ML Mountain Seat/Saddle;;;;17.3782;71895;01-06-2008;1014;29584
Long-Sleeve Logo Jersey, L;Multi;L;;38.4923;71895;01-06-2008;1014;29584
Classic Vest, S;Blue;S;;23.7490;71895;01-06-2008;1014;29584
Touring-1000 Blue, 46;Blue;46;11398.72;1481.9379;71897;01-06-2008;1026;29877
Touring-3000 Blue, 50;Blue;50;13213.08;461.4448;71897;01-06-2008;1026;29877
Touring-1000 Blue, 60;Blue;60;11747.98;1481.9379;71897;01-06-2008;1026;29877
Short-Sleeve Classic Jersey, XL;Yellow;XL;;41.5723;71897;01-06-2008;1026;29877
AWC Logo Cap;Multi;;;6.9223;71897;01-06-2008;1026;29877
Touring-1000 Yellow, 46;Yellow;46;11398.72;1481.9379;71897;01-06-2008;1026;29877
Classic Vest, S;Blue;S;;23.7490;71897;01-06-2008;1026;29877
Front Brakes;Silver;;317.00;47.2860;71897;01-06-2008;1026;29877
Touring-1000 Blue, 60;Blue;60;11747.98;1481.9379;71898;01-06-2008;637;29932
Touring-3000 Blue, 44;Blue;44;13049.78;461.4448;71898;01-06-2008;637;29932
HL Bottom Bracket;;;170.00;53.9416;71898;01-06-2008;637;29932
Touring-1000 Blue, 50;Blue;50;11530.26;1481.9379;71898;01-06-2008;637;29932
Touring-2000 Blue, 46;Blue;46;12305.90;755.1508;71898;01-06-2008;637;29932
Touring-1000 Yellow, 54;Yellow;54;11648.19;1481.9379;71898;01-06-2008;637;29932
Touring-3000 Blue, 62;Blue;62;13607.70;461.4448;71898;01-06-2008;637;29932
LL Bottom Bracket;;;223.00;23.9716;71898;01-06-2008;637;29932
Touring-3000 Blue, 58;Blue;58;13562.34;461.4448;71898;01-06-2008;637;29932
Touring-1000 Blue, 54;Blue;54;11648.19;1481.9379;71898;01-06-2008;637;29932
Touring-1000 Blue, 46;Blue;46;11398.72;1481.9379;71898;01-06-2008;637;29932
Touring-2000 Blue, 54;Blue;54;12555.37;755.1508;71898;01-06-2008;637;29932
LL Crankset;Black;;600.00;77.9176;71898;01-06-2008;637;29932
Touring-3000 Blue, 54;Blue;54;13462.55;461.4448;71898;01-06-2008;637;29932
Front Derailleur;Silver;;88.00;40.6216;71898;01-06-2008;637;29932
Touring-2000 Blue, 50;Blue;50;12437.44;755.1508;71898;01-06-2008;637;29932
Touring-2000 Blue, 60;Blue;60;12655.16;755.1508;71898;01-06-2008;637;29932
HL Touring Frame - Yellow, 54;Yellow;54;1378.91;601.7437;71898;01-06-2008;637;29932
Touring-1000 Yellow, 50;Yellow;50;11530.26;1481.9379;71898;01-06-2008;637;29932
Touring-3000 Yellow, 58;Yellow;58;13512.45;461.4448;71898;01-06-2008;637;29932
HL Touring Seat/Saddle;;;;23.3722;71898;01-06-2008;637;29932
Front Brakes;Silver;;317.00;47.2860;71898;01-06-2008;637;29932
Touring-3000 Blue, 50;Blue;50;13213.08;461.4448;71898;01-06-2008;637;29932
HL Crankset;Black;;575.00;179.8156;71898;01-06-2008;637;29932
Touring-1000 Yellow, 46;Yellow;46;11398.72;1481.9379;71898;01-06-2008;637;29932
Chain;Silver;;;8.9866;71898;01-06-2008;637;29932
Touring-3000 Yellow, 62;Yellow;62;13607.70;461.4448;71898;01-06-2008;637;29932
Touring-3000 Yellow, 44;Yellow;44;13049.78;461.4448;71898;01-06-2008;637;29932
Short-Sleeve Classic Jersey, S;Yellow;S;;41.5723;71899;01-06-2008;993;29568
Mountain-500 Silver, 52;Silver;52;13008.96;308.2179;71899;01-06-2008;993;29568
Mountain-400-W Silver, 40;Silver;40;12142.60;419.7784;71899;01-06-2008;993;29568
HL Mountain Frame - Black, 42;Black;42;1233.76;739.0410;71899;01-06-2008;993;29568
LL Mountain Handlebars;;;;19.7758;71899;01-06-2008;993;29568
Long-Sleeve Logo Jersey, M;Multi;M;;38.4923;71899;01-06-2008;993;29568
LL Mountain Frame - Silver, 40;Silver;40;1306.34;144.5938;71899;01-06-2008;993;29568
HL Mountain Pedal;Silver/Black;;185.00;35.9596;71899;01-06-2008;993;29568
Mountain-200 Silver, 42;Silver;42;10781.83;1265.6195;71902;01-06-2008;999;29929
Mountain-400-W Silver, 40;Silver;40;12142.60;419.7784;71902;01-06-2008;999;29929
ML Mountain Frame-W - Silver, 40;Silver;40;1256.44;199.3757;71902;01-06-2008;999;29929
Mountain-500 Silver, 48;Silver;48;12891.03;308.2179;71902;01-06-2008;999;29929
Mountain-200 Black, 42;Black;42;10781.83;1251.9813;71902;01-06-2008;999;29929
Mountain-200 Silver, 46;Silver;46;10945.13;1265.6195;71902;01-06-2008;999;29929
Half-Finger Gloves, M;Black;M;;9.1593;71902;01-06-2008;999;29929
Women's Mountain Shorts, L;Black;L;;26.1763;71902;01-06-2008;999;29929
LL Mountain Seat/Saddle;;;;12.0413;71902;01-06-2008;999;29929
AWC Logo Cap;Multi;;;6.9223;71902;01-06-2008;999;29929
LL Mountain Frame - Black, 44;Black;44;1342.63;136.7850;71902;01-06-2008;999;29929
HL Mountain Pedal;Silver/Black;;185.00;35.9596;71902;01-06-2008;999;29929
Mountain-500 Black, 48;Black;48;12891.03;294.5797;71902;01-06-2008;999;29929
Mountain-400-W Silver, 38;Silver;38;11952.10;419.7784;71902;01-06-2008;999;29929
Long-Sleeve Logo Jersey, L;Multi;L;;38.4923;71902;01-06-2008;999;29929
LL Mountain Pedal;Silver/Black;;218.00;17.9776;71902;01-06-2008;999;29929
Mountain-500 Black, 40;Black;40;12405.69;294.5797;71902;01-06-2008;999;29929
Mountain-500 Silver, 40;Silver;40;12405.69;308.2179;71902;01-06-2008;999;29929
Mountain-400-W Silver, 42;Silver;42;12305.90;419.7784;71902;01-06-2008;999;29929
Mountain-200 Black, 38;Black;38;10591.33;1251.9813;71902;01-06-2008;999;29929
Mountain-200 Black, 46;Black;46;10945.13;1251.9813;71902;01-06-2008;999;29929
HL Mountain Handlebars;;;;53.3999;71902;01-06-2008;999;29929
LL Mountain Frame - Black, 48;Black;48;1360.77;136.7850;71902;01-06-2008;999;29929
Long-Sleeve Logo Jersey, M;Multi;M;;38.4923;71902;01-06-2008;999;29929
Water Bottle - 30 oz.;;;;1.8663;71902;01-06-2008;999;29929
Hitch Rack - 4-Bike;;;;44.8800;71902;01-06-2008;999;29929
Bike Wash - Dissolver;;;;2.9733;71902;01-06-2008;999;29929
Sport-100 Helmet, Red;Red;;;13.0863;71902;01-06-2008;999;29929
Mountain-500 Black, 52;Black;52;13008.96;294.5797;71902;01-06-2008;999;29929
Classic Vest, S;Blue;S;;23.7490;71902;01-06-2008;999;29929
Women's Mountain Shorts, S;Black;S;;26.1763;71902;01-06-2008;999;29929
ML Mountain Handlebars;;;;27.4925;71902;01-06-2008;999;29929
Mountain-500 Silver, 52;Silver;52;13008.96;308.2179;71902;01-06-2008;999;29929
Hydration Pack - 70 oz.;Silver;70;;20.5663;71902;01-06-2008;999;29929
ML Mountain Pedal;Silver/Black;;215.00;27.5680;71902;01-06-2008;999;29929
Sport-100 Helmet, Black;Black;;;13.0863;71902;01-06-2008;999;29929
Mountain-200 Silver, 38;Silver;38;10591.33;1265.6195;71902;01-06-2008;999;29929
Mountain-500 Black, 44;Black;44;12759.49;294.5797;71902;01-06-2008;999;29929
Short-Sleeve Classic Jersey, L;Yellow;L;;41.5723;71902;01-06-2008;999;29929
HL Mountain Seat/Saddle;;;;23.3722;71902;01-06-2008;999;29929
Short-Sleeve Classic Jersey, S;Yellow;S;;41.5723;71902;01-06-2008;999;29929
Mountain-500 Silver, 42;Silver;42;12596.19;308.2179;71902;01-06-2008;999;29929
Sport-100 Helmet, Blue;Blue;;;13.0863;71902;01-06-2008;999;29929
Mountain-500 Silver, 44;Silver;44;12759.49;308.2179;71902;01-06-2008;999;29929
HL Mountain Frame - Silver, 38;Silver;38;1215.62;747.2002;71902;01-06-2008;999;29929
Short-Sleeve Classic Jersey, XL;Yellow;XL;;41.5723;71902;01-06-2008;999;29929
LL Mountain Frame - Silver, 44;Silver;44;1342.63;144.5938;71902;01-06-2008;999;29929
ML Mountain Frame-W - Silver, 42;Silver;42;1274.59;199.3757;71902;01-06-2008;999;29929
Mountain-400-W Silver, 46;Silver;46;12437.44;419.7784;71902;01-06-2008;999;29929
Classic Vest, M;Blue;M;;23.7490;71902;01-06-2008;999;29929
ML Road Frame-W - Yellow, 48;Yellow;48;1061.40;360.9428;71915;01-06-2008;989;29638
LL Road Frame - Black, 52;Black;52;1088.62;204.6251;71915;01-06-2008;989;29638
LL Road Pedal;Silver/Black;;189.00;17.9776;71915;01-06-2008;989;29638
ML Road Pedal;Silver/Black;;168.00;27.5680;71915;01-06-2008;989;29638
HL Road Pedal;Silver/Black;;149.00;35.9596;71915;01-06-2008;989;29638
Racing Socks, L;White;L;;3.3623;71917;01-06-2008;651;30025
Road-350-W Yellow, 40;Yellow;40;6962.61;1082.5100;71920;01-06-2008;1102;29982
LL Road Pedal;Silver/Black;;189.00;17.9776;71920;01-06-2008;1102;29982
Road-350-W Yellow, 48;Yellow;48;7447.95;1082.5100;71920;01-06-2008;1102;29982
Short-Sleeve Classic Jersey, XL;Yellow;XL;;41.5723;71920;01-06-2008;1102;29982
Classic Vest, S;Blue;S;;23.7490;71920;01-06-2008;1102;29982
Hitch Rack - 4-Bike;;;;44.8800;71920;01-06-2008;1102;29982
Water Bottle - 30 oz.;;;;1.8663;71923;01-06-2008;1035;29781
Racing Socks, M;White;M;;3.3623;71923;01-06-2008;1035;29781
Racing Socks, L;White;L;;3.3623;71923;01-06-2008;1035;29781
Racing Socks, M;White;M;;3.3623;71935;01-06-2008;1061;29531
LL Road Pedal;Silver/Black;;189.00;17.9776;71935;01-06-2008;1061;29531
Road-350-W Yellow, 40;Yellow;40;6962.61;1082.5100;71935;01-06-2008;1061;29531
Road-350-W Yellow, 48;Yellow;48;7447.95;1082.5100;71935;01-06-2008;1061;29531
Road-750 Black, 48;Black;48;9130.77;343.6496;71935;01-06-2008;1061;29531
Racing Socks, L;White;L;;3.3623;71935;01-06-2008;1061;29531
LL Mountain Frame - Silver, 40;Silver;40;1306.34;144.5938;71936;01-06-2008;662;30050
Mountain-500 Silver, 42;Silver;42;12596.19;308.2179;71936;01-06-2008;662;30050
HL Bottom Bracket;;;170.00;53.9416;71936;01-06-2008;662;30050
Sport-100 Helmet, Red;Red;;;13.0863;71936;01-06-2008;662;30050
LL Mountain Frame - Black, 48;Black;48;1360.77;136.7850;71936;01-06-2008;662;30050
LL Mountain Handlebars;;;;19.7758;71936;01-06-2008;662;30050
Mountain-500 Black, 48;Black;48;12891.03;294.5797;71936;01-06-2008;662;30050
HL Crankset;Black;;575.00;179.8156;71936;01-06-2008;662;30050
Mountain-200 Silver, 42;Silver;42;10781.83;1265.6195;71936;01-06-2008;662;30050
ML Mountain Frame-W - Silver, 42;Silver;42;1274.59;199.3757;71936;01-06-2008;662;30050
HL Mountain Frame - Black, 38;Black;38;1215.62;739.0410;71936;01-06-2008;662;30050
Women's Mountain Shorts, S;Black;S;;26.1763;71936;01-06-2008;662;30050
LL Mountain Pedal;Silver/Black;;218.00;17.9776;71936;01-06-2008;662;30050
Front Derailleur;Silver;;88.00;40.6216;71936;01-06-2008;662;30050
LL Mountain Frame - Black, 42;Black;42;1324.48;136.7850;71936;01-06-2008;662;30050
Mountain-200 Black, 42;Black;42;10781.83;1251.9813;71936;01-06-2008;662;30050
Mountain-200 Black, 46;Black;46;10945.13;1251.9813;71936;01-06-2008;662;30050
HL Mountain Frame - Silver, 38;Silver;38;1215.62;747.2002;71936;01-06-2008;662;30050
Mountain-400-W Silver, 40;Silver;40;12142.60;419.7784;71936;01-06-2008;662;30050
Rear Derailleur;Silver;;215.00;53.9282;71936;01-06-2008;662;30050
Mountain-200 Silver, 38;Silver;38;10591.33;1265.6195;71936;01-06-2008;662;30050
Mountain-200 Black, 38;Black;38;10591.33;1251.9813;71936;01-06-2008;662;30050
Women's Mountain Shorts, L;Black;L;;26.1763;71936;01-06-2008;662;30050
Chain;Silver;;;8.9866;71936;01-06-2008;662;30050
LL Crankset;Black;;600.00;77.9176;71936;01-06-2008;662;30050
HL Mountain Pedal;Silver/Black;;185.00;35.9596;71936;01-06-2008;662;30050
HL Mountain Seat/Saddle;;;;23.3722;71936;01-06-2008;662;30050
LL Mountain Frame - Silver, 42;Silver;42;1324.48;144.5938;71936;01-06-2008;662;30050
LL Bottom Bracket;;;223.00;23.9716;71936;01-06-2008;662;30050
Mountain-500 Silver, 40;Silver;40;12405.69;308.2179;71936;01-06-2008;662;30050
Half-Finger Gloves, L;Black;L;;9.1593;71936;01-06-2008;662;30050
Front Brakes;Silver;;317.00;47.2860;71936;01-06-2008;662;30050
LL Mountain Frame - Black, 44;Black;44;1342.63;136.7850;71936;01-06-2008;662;30050
LL Mountain Seat/Saddle;;;;12.0413;71936;01-06-2008;662;30050
LL Mountain Frame - Silver, 44;Silver;44;1342.63;144.5938;71936;01-06-2008;662;30050
HL Mountain Frame - Black, 42;Black;42;1233.76;739.0410;71936;01-06-2008;662;30050
HL Mountain Frame - Silver, 42;Silver;42;1233.76;747.2002;71936;01-06-2008;662;30050
Mountain-500 Silver, 48;Silver;48;12891.03;308.2179;71936;01-06-2008;662;30050
ML Mountain Handlebars;;;;27.4925;71936;01-06-2008;662;30050
ML Mountain Frame-W - Silver, 40;Silver;40;1256.44;199.3757;71936;01-06-2008;662;30050
Mountain-200 Silver, 46;Silver;46;10945.13;1265.6195;71936;01-06-2008;662;30050
Women's Mountain Shorts, M;Black;M;;26.1763;71936;01-06-2008;662;30050
Mountain-500 Silver, 52;Silver;52;13008.96;308.2179;71936;01-06-2008;662;30050
HL Mountain Frame - Silver, 46;Silver;46;1288.20;747.2002;71936;01-06-2008;662;30050
ML Mountain Pedal;Silver/Black;;215.00;27.5680;71936;01-06-2008;662;30050
ML Mountain Seat/Saddle;;;;17.3782;71936;01-06-2008;662;30050
Road-350-W Yellow, 40;Yellow;40;6962.61;1082.5100;71938;01-06-2008;635;29546
Hitch Rack - 4-Bike;;;;44.8800;71938;01-06-2008;635;29546
ML Road Frame-W - Yellow, 44;Yellow;44;1043.26;360.9428;71938;01-06-2008;635;29546
Road-350-W Yellow, 42;Yellow;42;7153.11;1082.5100;71938;01-06-2008;635;29546
Sport-100 Helmet, Red;Red;;;13.0863;71938;01-06-2008;635;29546
HL Road Handlebars;;;;53.3999;71938;01-06-2008;635;29546
LL Road Pedal;Silver/Black;;189.00;17.9776;71938;01-06-2008;635;29546
Short-Sleeve Classic Jersey, XL;Yellow;XL;;41.5723;71938;01-06-2008;635;29546
Sport-100 Helmet, Blue;Blue;;;13.0863;71938;01-06-2008;635;29546
AWC Logo Cap;Multi;;;6.9223;71938;01-06-2008;635;29546
HL Road Pedal;Silver/Black;;149.00;35.9596;71938;01-06-2008;635;29546
Road-250 Red, 58;Red;58;7162.19;1554.9479;71938;01-06-2008;635;29546
Road-350-W Yellow, 48;Yellow;48;7447.95;1082.5100;71938;01-06-2008;635;29546
Road-550-W Yellow, 40;Yellow;40;8060.29;713.0798;71938;01-06-2008;635;29546
Road-550-W Yellow, 42;Yellow;42;8223.59;713.0798;71938;01-06-2008;635;29546
Classic Vest, S;Blue;S;;23.7490;71938;01-06-2008;635;29546
Long-Sleeve Logo Jersey, M;Multi;M;;38.4923;71938;01-06-2008;635;29546
Road-750 Black, 52;Black;52;9262.31;343.6496;71938;01-06-2008;635;29546
Road-750 Black, 48;Black;48;9130.77;343.6496;71938;01-06-2008;635;29546
Bike Wash - Dissolver;;;;2.9733;71938;01-06-2008;635;29546
Road-250 Black, 58;Black;58;7112.29;1554.9479;71938;01-06-2008;635;29546
Sport-100 Helmet, Black;Black;;;13.0863;71938;01-06-2008;635;29546
Classic Vest, M;Blue;M;;23.7490;71938;01-06-2008;635;29546
LL Road Frame - Black, 52;Black;52;1088.62;204.6251;71938;01-06-2008;635;29546
Short-Sleeve Classic Jersey, L;Yellow;L;;41.5723;71938;01-06-2008;635;29546
Road-750 Black, 44;Black;44;8967.47;343.6496;71938;01-06-2008;635;29546
Water Bottle - 30 oz.;;;;1.8663;71938;01-06-2008;635;29546
Road-250 Black, 52;Black;52;6994.36;1554.9479;71938;01-06-2008;635;29546
Racing Socks, M;White;M;;3.3623;71938;01-06-2008;635;29546
Half-Finger Gloves, M;Black;M;;9.1593;71938;01-06-2008;635;29546
Road-350-W Yellow, 44;Yellow;44;7316.41;1082.5100;71938;01-06-2008;635;29546
Road-250 Black, 44;Black;44;6699.52;1554.9479;71938;01-06-2008;635;29546
Road-550-W Yellow, 38;Yellow;38;7869.79;713.0798;71938;01-06-2008;635;29546
Hydration Pack - 70 oz.;Silver;70;;20.5663;71938;01-06-2008;635;29546
Road-750 Black, 58;Black;58;9430.14;343.6496;71938;01-06-2008;635;29546
Road-550-W Yellow, 48;Yellow;48;8473.06;713.0798;71938;01-06-2008;635;29546
Road-250 Black, 48;Black;48;6862.82;1554.9479;71938;01-06-2008;635;29546
ML Road Pedal;Silver/Black;;168.00;27.5680;71938;01-06-2008;635;29546
Long-Sleeve Logo Jersey, L;Multi;L;;38.4923;71938;01-06-2008;635;29546
Short-Sleeve Classic Jersey, S;Yellow;S;;41.5723;71938;01-06-2008;635;29546
Racing Socks, L;White;L;;3.3623;71938;01-06-2008;635;29546
Road-550-W Yellow, 44;Yellow;44;8355.13;713.0798;71938;01-06-2008;635;29546
HL Touring Seat/Saddle;;;;23.3722;71946;01-06-2008;660;29741
