<?xml version="1.1" encoding="UTF-8"?>

<project i18n.job.generated.documetation="Generated documentation" i18n.job.project.name="Project Name" i18n.job.generated.date="GENERATION DATE" i18n.job.author="AUTHOR" i18n.job.summary="Summary" i18n.job.project.description="Project Description" i18n.job.job.description="Description" i18n.job.job.preview.picture="Preview Picture" i18n.job.job.setting="Settings" i18n.job.context.list="Context List" i18n.job.component.list="Component List" i18n.job.components.description="Components Description" i18n.job.source.code="Source Code" i18n.job.properties="Properties" i18n.job.values="Values" i18n.job.name="Name" i18n.job.language="Language" i18n.job.description="Description" i18n.job.author.min="Author" i18n.job.version="Version" i18n.job.purpose="Purpose" i18n.job.status="Status" i18n.job.creation="Creation" i18n.job.modification="Modification" i18n.job.extract.settings="Extra settings" i18n.job.value="Value" i18n.job.stats.logs="Status &amp; Logs" i18n.job.context="Context" i18n.job.promt="Prompt" i18n.job.need.promt="Need Prompt?" i18n.job.type="Type" i18n.job.source="Source" i18n.job.component.name="Component Name" i18n.job.component.type="Component Type" i18n.job.component="Component" i18n.job.unique.name="UNIQUE NAME" i18n.job.input="INPUT(S)" i18n.job.label="LABEL" i18n.job.output="OUTPUT(S)" i18n.job.component.parameters="Component Parameters:" i18n.job.schema.for="Schema for " i18n.job.column="Column" i18n.job.key="Key" i18n.job.length="Length" i18n.job.precision="Precision" i18n.job.nullable="Nullable" i18n.job.comment="Comment" i18n.job.original.function.parameters="Original Function Parameters:" i18n.job.ended="ended" i18n.job.content="content" i18n.route.manifest.type="Type" i18n.route.manifest.value="Value" i18n.route.resource.name="Name" i18n.route.resource.version="Version" i18n.route.resource.path="Path" name="Local_Project" logo="pictures/logo.jpg" title="Generated by Talend Open Studio for Data Integration" link="http://www.talend.com" language="java" generatedDate="Jul 10, 2021 8:34:50 PM" versionName="Talend Open Studio VERSION " version="7.3.1.20200219_1130" docType="Jobs" company="">
  <pro-description><![CDATA[]]></pro-description>
  <job name="IngestaoVendas" author="user@talend.com" i18n.job.extract.settings.type="i18n.job.extract.settings" i18n.job.stats.logs.type="i18n.job.stats.logs" version="0.1" purpose="Realizar a ingestao de dados de vendas" status="" creation="Jul 10, 2021 3:57:37 PM" modification="Jul 10, 2021 7:23:44 PM">
    <description><![CDATA[Objetivo de apresentar um relatorio com as seguintes agregacoes:<br/>- Vendas Diarias<br/>- Vendas Por regiao<br/>- Vendas Online e Offline<br/>]]></description>
    <preview picture="pictures/IngestaoVendas_0.1.png"/>
    <contextList>
      <context name="Default"/>
    </contextList>
    <jobSetting>
      <extra>
        <jobParameter name="COMP_DEFAULT_FILE_DIR" value=""/>
        <jobParameter name="Multi thread execution" value="false"/>
        <jobParameter name="Implicit tContextLoad" value="false"/>
      </extra>
      <Statslogs>
        <jobParameter name="Use statistics (tStatCatcher)" value="false"/>
        <jobParameter name="Use logs (tLogCatcher)" value="false"/>
        <jobParameter name="Use volumetrics (tFlowMeterCatcher)" value="false"/>
        <jobParameter name="On Console" value="false"/>
        <jobParameter name="On Files" value="false"/>
        <jobParameter name="On Databases" value="false"/>
        <jobParameter name="Catch components statistics" value="false"/>
        <jobParameter name="Catch runtime errors" value="true"/>
        <jobParameter name="Catch user errors" value="true"/>
        <jobParameter name="Catch user warnings" value="true"/>
      </Statslogs>
    </jobSetting>
    <componentList>
      <componentItem name="tAggregateRow_1" link="tAggregateRow_1" type="tAggregateRow" leftTopX="896" leftTopY="160" rightBottomX="928" rightBottomY="192"/>
      <componentItem name="tAggregateRow_2" link="tAggregateRow_2" type="tAggregateRow" leftTopX="544" leftTopY="32" rightBottomX="576" rightBottomY="64"/>
      <componentItem name="tDBInput_1" link="tDBInput_1" type="tMSSqlInput" leftTopX="96" leftTopY="160" rightBottomX="128" rightBottomY="192"/>
      <componentItem name="tDBInput_2" link="tDBInput_2" type="tMSSqlInput" leftTopX="96" leftTopY="288" rightBottomX="128" rightBottomY="320"/>
      <componentItem name="tDBInput_3" link="tDBInput_3" type="tMSSqlInput" leftTopX="96" leftTopY="32" rightBottomX="128" rightBottomY="64"/>
      <componentItem name="tFileOutputDelimited_1" link="tFileOutputDelimited_1" type="tFileOutputDelimited" leftTopX="320" leftTopY="160" rightBottomX="352" rightBottomY="192"/>
      <componentItem name="tFileOutputDelimited_2" link="tFileOutputDelimited_2" type="tFileOutputDelimited" leftTopX="320" leftTopY="288" rightBottomX="352" rightBottomY="320"/>
      <componentItem name="tFileOutputDelimited_3" link="tFileOutputDelimited_3" type="tFileOutputDelimited" leftTopX="736" leftTopY="160" rightBottomX="768" rightBottomY="192"/>
      <componentItem name="tFileOutputDelimited_4" link="tFileOutputDelimited_4" type="tFileOutputDelimited" leftTopX="1120" leftTopY="160" rightBottomX="1152" rightBottomY="192"/>
      <componentItem name="tFileOutputDelimited_5" link="tFileOutputDelimited_5" type="tFileOutputDelimited" leftTopX="320" leftTopY="32" rightBottomX="352" rightBottomY="64"/>
      <componentItem name="tFileOutputDelimited_6" link="tFileOutputDelimited_6" type="tFileOutputDelimited" leftTopX="736" leftTopY="32" rightBottomX="768" rightBottomY="64"/>
      <componentItem name="tMap_1" link="tMap_1" type="tMap" leftTopX="544" leftTopY="160" rightBottomX="576" rightBottomY="192"/>
    </componentList>
    <internalNodeComponents>
      <component icon="pictures/tAggregateRow_1.png" uniqueName="tAggregateRow_1" label="tAggregateTotalDueToRegion">
        <input link="tFileOutputDelimited_3">tFileOutputDelimited_3</input>
        <output link="tFileOutputDelimited_4">tFileOutputDelimited_4</output>
        <componentType>tAggregateRow</componentType>
        <parameters>
          <column name="Unique Name" value="tAggregateRow_1"/>
          <column name="Component Name" value="tAggregateRow"/>
          <column name="Version" value="0.102 (ALPHA)"/>
          <column name="Family" value="Processing"/>
          <column name="Startable" value="false"/>
          <column name="SUBTREE_START" value="false"/>
          <column name="END_OF_FLOW" value="false"/>
          <column name="Activate" value="true"/>
          <column name="DUMMY" value="false"/>
          <column name="tStatCatcher Statistics" value="false"/>
          <column name="Help" value="org.talend.help.tAggregateRow"/>
          <column name="Update components" value="true"/>
          <column name="IREPORT_PATH" value=""/>
          <column name="JAVA_LIBRARY_PATH" value="D:\programas\Talend\TOS_DI-Win32-20200219_1130-V7.3.1\configuration\lib\java"/>
          <column name="Subjob color" value=""/>
          <column name="Title color" value=""/>
          <column name="REPOSITORY_ALLOW_AUTO_SWITCH" value="true"/>
          <column name="Schema" value="Built-In"/>
          <column name="Group by" value="[{OUTPUT_COLUMN=CountryRegion, INPUT_COLUMN=CountryRegion}]"/>
          <column name="Operations" value="[{OUTPUT_COLUMN=TotalDue, FUNCTION=sum, INPUT_COLUMN=TotalDue, IGNORE_NULL=false}]"/>
          <column name="Delimiter (only for list operation)" value="&quot;,&quot;"/>
          <column name="Use financial precision, this is the max precision for &quot;sum&quot; and &quot;avg&quot; operations, checked option heaps more memory and slower than unchecked." value="true"/>
          <column name="Check type overflow (slower)" value="false"/>
          <column name="Check ULP (Unit in the Last Place), ensure that a value will be incremented or decremented correctly, only for float and double types. (slower)" value="false"/>
          <column name="Label format" value="tAggregateTotalDueToRegion"/>
          <column name="Hint format" value="&lt;b&gt;__UNIQUE_NAME__&lt;/b&gt;&lt;br&gt;__COMMENT__"/>
          <column name="Connection format" value="row"/>
          <column name="Show Information" value="false"/>
          <column name="Comment" value=""/>
          <column name="Use an existing validation rule" value="false"/>
          <column name="Validation Rule Type" value=""/>
        </parameters>
        <schemas>
          <schema name="tAggregateRow_1">
            <column name="CountryRegion" key="false" type="String" length="" precision="" nullable="true" comment=""/>
            <column name="TotalDue" key="false" type="BigDecimal" length="19" precision="4" nullable="false" comment=""/>
          </schema>
        </schemas>
      </component>
      <component icon="pictures/tAggregateRow_2.png" uniqueName="tAggregateRow_2" label="tAggregateTotalOnline">
        <input link="tFileOutputDelimited_5">tFileOutputDelimited_5</input>
        <output link="tFileOutputDelimited_6">tFileOutputDelimited_6</output>
        <componentType>tAggregateRow</componentType>
        <parameters>
          <column name="Unique Name" value="tAggregateRow_2"/>
          <column name="Component Name" value="tAggregateRow"/>
          <column name="Version" value="0.102 (ALPHA)"/>
          <column name="Family" value="Processing"/>
          <column name="Startable" value="false"/>
          <column name="SUBTREE_START" value="false"/>
          <column name="END_OF_FLOW" value="false"/>
          <column name="Activate" value="true"/>
          <column name="DUMMY" value="false"/>
          <column name="tStatCatcher Statistics" value="false"/>
          <column name="Help" value="org.talend.help.tAggregateRow"/>
          <column name="Update components" value="true"/>
          <column name="IREPORT_PATH" value=""/>
          <column name="JAVA_LIBRARY_PATH" value="D:\programas\Talend\TOS_DI-Win32-20200219_1130-V7.3.1\configuration\lib\java"/>
          <column name="Subjob color" value=""/>
          <column name="Title color" value=""/>
          <column name="REPOSITORY_ALLOW_AUTO_SWITCH" value="true"/>
          <column name="Schema" value="Built-In"/>
          <column name="Group by" value="[{OUTPUT_COLUMN=OnlineOrderFlag, INPUT_COLUMN=OnlineOrderFlag}]"/>
          <column name="Operations" value="[{OUTPUT_COLUMN=TotalDue, FUNCTION=sum, INPUT_COLUMN=TotalDue, IGNORE_NULL=false}]"/>
          <column name="Delimiter (only for list operation)" value="&quot;,&quot;"/>
          <column name="Use financial precision, this is the max precision for &quot;sum&quot; and &quot;avg&quot; operations, checked option heaps more memory and slower than unchecked." value="true"/>
          <column name="Check type overflow (slower)" value="false"/>
          <column name="Check ULP (Unit in the Last Place), ensure that a value will be incremented or decremented correctly, only for float and double types. (slower)" value="false"/>
          <column name="Label format" value="tAggregateTotalOnline"/>
          <column name="Hint format" value="&lt;b&gt;__UNIQUE_NAME__&lt;/b&gt;&lt;br&gt;__COMMENT__"/>
          <column name="Connection format" value="row"/>
          <column name="Show Information" value="false"/>
          <column name="Comment" value=""/>
          <column name="Use an existing validation rule" value="false"/>
          <column name="Validation Rule Type" value=""/>
        </parameters>
        <schemas>
          <schema name="SalesOrderHeader">
            <column name="OnlineOrderFlag" key="false" type="Integer" length="" precision="" nullable="true" comment=""/>
            <column name="TotalDue" key="false" type="BigDecimal" length="" precision="4" nullable="false" comment=""/>
          </schema>
        </schemas>
      </component>
      <component icon="pictures/tDBInput_1.png" uniqueName="tDBInput_1" label="AdventureWorksSalesOrderTB">
        <input>none</input>
        <output link="tFileOutputDelimited_1">tFileOutputDelimited_1</output>
        <componentType>tMSSqlInput</componentType>
        <parameters>
          <column name="Database" value="tMSSqlInput"/>
          <column name="Unique Name" value="tDBInput_1"/>
          <column name="Component Name" value="tMSSqlInput"/>
          <column name="Version" value="0.102 (ALPHA)"/>
          <column name="Family" value="Databases/DB Specifics/MS_SQL_Server"/>
          <column name="Start" value="true"/>
          <column name="Startable" value="true"/>
          <column name="SUBTREE_START" value="true"/>
          <column name="END_OF_FLOW" value="false"/>
          <column name="Activate" value="true"/>
          <column name="DUMMY" value="false"/>
          <column name="tStatCatcher Statistics" value="false"/>
          <column name="Help" value="org.talend.help.tMSSqlInput"/>
          <column name="Update components" value="true"/>
          <column name="IREPORT_PATH" value=""/>
          <column name="JAVA_LIBRARY_PATH" value="D:\programas\Talend\TOS_DI-Win32-20200219_1130-V7.3.1\configuration\lib\java"/>
          <column name="Subjob color" value=""/>
          <column name="Title color" value=""/>
          <column name="Use an existing connection" value="false"/>
          <column name="Component List" value=""/>
          <column name="Property Type" value="repository: DB (MSSQL):AdventureWorks"/>
          <column name="Host" value="&quot;sqlservercentralpublic.database.windows.net&quot;"/>
          <column name="JDBC Provider" value="JTDS"/>
          <column name="Database Driver" value="MSSQL"/>
          <column name="Port" value="&quot;1433&quot;"/>
          <column name="Schema" value="&quot;SalesLT&quot;"/>
          <column name="Database" value="&quot;AdventureWorks&quot;"/>
          <column name="Username" value="&quot;sqlfamily&quot;"/>
          <column name="Password" value="***********"/>
          <column name="REPOSITORY_ALLOW_AUTO_SWITCH" value="true"/>
          <column name="Schema" value="repository: DB (MSSQL):AdventureWorks - SalesOrderHeader"/>
          <column name="Table Name" value="&quot;SalesOrderHeader&quot;"/>
          <column name="Query Type" value="Built-In"/>
          <column name="Guess Schema" value="&quot;&quot;"/>
          <column name="Query" value="&quot;SELECT SalesLT.SalesOrderHeader.SalesOrderID,
		SalesLT.SalesOrderHeader.RevisionNumber,
		SalesLT.SalesOrderHeader.OrderDate,
		SalesLT.SalesOrderHeader.DueDate,
		SalesLT.SalesOrderHeader.ShipDate,
		SalesLT.SalesOrderHeader.Status,
		SalesLT.SalesOrderHeader.OnlineOrderFlag,
		SalesLT.SalesOrderHeader.SalesOrderNumber,
		SalesLT.SalesOrderHeader.CustomerID,
		SalesLT.SalesOrderHeader.ShipToAddressID,
		SalesLT.SalesOrderHeader.BillToAddressID,
		SalesLT.SalesOrderHeader.ShipMethod,
		SalesLT.SalesOrderHeader.CreditCardApprovalCode,
		SalesLT.SalesOrderHeader.SubTotal,
		SalesLT.SalesOrderHeader.TaxAmt,
		SalesLT.SalesOrderHeader.Freight,
		SalesLT.SalesOrderHeader.TotalDue,
		SalesLT.SalesOrderHeader.Comment,
		SalesLT.SalesOrderHeader.rowguid,
		SalesLT.SalesOrderHeader.ModifiedDate
FROM	SalesLT.SalesOrderHeader&quot;"/>
          <column name="Specify a data source alias" value="false"/>
          <column name="Data source alias" value="&quot;&quot;"/>
          <column name="Mapping" value="id_MSSQL"/>
          <column name="Additional JDBC Parameters" value="&quot;&quot;"/>
          <column name="Encoding" value="&quot;ISO-8859-15&quot;"/>
          <column name="Trim all the String/Char columns" value="false"/>
          <column name="Trim column" value="[{SCHEMA_COLUMN=SalesOrderID, TRIM=false}, {SCHEMA_COLUMN=RevisionNumber, TRIM=false}, {SCHEMA_COLUMN=OrderDate, TRIM=false}, {SCHEMA_COLUMN=DueDate, TRIM=false}, {SCHEMA_COLUMN=ShipDate, TRIM=false}, {SCHEMA_COLUMN=Status, TRIM=false}, {SCHEMA_COLUMN=OnlineOrderFlag, TRIM=false}, {SCHEMA_COLUMN=SalesOrderNumber, TRIM=false}, {SCHEMA_COLUMN=CustomerID, TRIM=false}, {SCHEMA_COLUMN=ShipToAddressID, TRIM=false}, {SCHEMA_COLUMN=BillToAddressID, TRIM=false}, {SCHEMA_COLUMN=ShipMethod, TRIM=false}, {SCHEMA_COLUMN=CreditCardApprovalCode, TRIM=false}, {SCHEMA_COLUMN=SubTotal, TRIM=false}, {SCHEMA_COLUMN=TaxAmt, TRIM=false}, {SCHEMA_COLUMN=Freight, TRIM=false}, {SCHEMA_COLUMN=TotalDue, TRIM=false}, {SCHEMA_COLUMN=Comment, TRIM=false}, {SCHEMA_COLUMN=rowguid, TRIM=false}, {SCHEMA_COLUMN=ModifiedDate, TRIM=false}]"/>
          <column name="Label format" value="AdventureWorksSalesOrderTB"/>
          <column name="Hint format" value="&lt;b&gt;__UNIQUE_NAME__&lt;/b&gt;&lt;br&gt;__COMMENT__"/>
          <column name="Connection format" value="row"/>
          <column name="Show Information" value="false"/>
          <column name="Comment" value=""/>
          <column name="Use an existing validation rule" value="false"/>
          <column name="Validation Rule Type" value=""/>
        </parameters>
        <schemas>
          <schema name="SalesOrderHeader">
            <column name="SalesOrderID" key="true" type="int" length="10" precision="" nullable="false" comment=""/>
            <column name="RevisionNumber" key="false" type="short" length="3" precision="" nullable="false" comment=""/>
            <column name="OrderDate" key="false" type="java.util.Date" length="23" precision="3" nullable="false" comment=""/>
            <column name="DueDate" key="false" type="java.util.Date" length="23" precision="3" nullable="false" comment=""/>
            <column name="ShipDate" key="false" type="java.util.Date" length="23" precision="3" nullable="true" comment=""/>
            <column name="Status" key="false" type="short" length="3" precision="" nullable="false" comment=""/>
            <column name="OnlineOrderFlag" key="false" type="Integer" length="" precision="" nullable="true" comment=""/>
            <column name="SalesOrderNumber" key="false" type="String" length="25" precision="" nullable="false" comment=""/>
            <column name="CustomerID" key="false" type="int" length="10" precision="" nullable="false" comment=""/>
            <column name="ShipToAddressID" key="false" type="Integer" length="10" precision="" nullable="true" comment=""/>
            <column name="BillToAddressID" key="false" type="Integer" length="10" precision="" nullable="true" comment=""/>
            <column name="ShipMethod" key="false" type="String" length="50" precision="" nullable="false" comment=""/>
            <column name="CreditCardApprovalCode" key="false" type="String" length="15" precision="" nullable="true" comment=""/>
            <column name="SubTotal" key="false" type="Object" length="19" precision="4" nullable="false" comment=""/>
            <column name="TaxAmt" key="false" type="Object" length="19" precision="4" nullable="false" comment=""/>
            <column name="Freight" key="false" type="Object" length="19" precision="4" nullable="false" comment=""/>
            <column name="TotalDue" key="false" type="BigDecimal" length="" precision="4" nullable="false" comment=""/>
            <column name="Comment" key="false" type="String" length="1073741823" precision="" nullable="true" comment=""/>
            <column name="rowguid" key="false" type="Object" length="36" precision="" nullable="false" comment=""/>
            <column name="ModifiedDate" key="false" type="java.util.Date" length="23" precision="3" nullable="false" comment=""/>
          </schema>
        </schemas>
      </component>
      <component icon="pictures/tDBInput_2.png" uniqueName="tDBInput_2" label="AdventureWorksAddressTB">
        <input>none</input>
        <output link="tFileOutputDelimited_2">tFileOutputDelimited_2</output>
        <componentType>tMSSqlInput</componentType>
        <parameters>
          <column name="Database" value="tMSSqlInput"/>
          <column name="Unique Name" value="tDBInput_2"/>
          <column name="Component Name" value="tMSSqlInput"/>
          <column name="Version" value="0.102 (ALPHA)"/>
          <column name="Family" value="Databases/DB Specifics/MS_SQL_Server"/>
          <column name="Start" value="false"/>
          <column name="Startable" value="true"/>
          <column name="SUBTREE_START" value="false"/>
          <column name="END_OF_FLOW" value="false"/>
          <column name="Activate" value="true"/>
          <column name="DUMMY" value="false"/>
          <column name="tStatCatcher Statistics" value="false"/>
          <column name="Help" value="org.talend.help.tMSSqlInput"/>
          <column name="Update components" value="true"/>
          <column name="IREPORT_PATH" value=""/>
          <column name="JAVA_LIBRARY_PATH" value="D:\programas\Talend\TOS_DI-Win32-20200219_1130-V7.3.1\configuration\lib\java"/>
          <column name="Subjob color" value=""/>
          <column name="Title color" value=""/>
          <column name="Use an existing connection" value="false"/>
          <column name="Component List" value=""/>
          <column name="Property Type" value="repository: DB (MSSQL):AdventureWorks"/>
          <column name="Host" value="&quot;sqlservercentralpublic.database.windows.net&quot;"/>
          <column name="JDBC Provider" value="JTDS"/>
          <column name="Database Driver" value="MSSQL"/>
          <column name="Port" value="&quot;1433&quot;"/>
          <column name="Schema" value="&quot;SalesLT&quot;"/>
          <column name="Database" value="&quot;AdventureWorks&quot;"/>
          <column name="Username" value="&quot;sqlfamily&quot;"/>
          <column name="Password" value="***********"/>
          <column name="REPOSITORY_ALLOW_AUTO_SWITCH" value="true"/>
          <column name="Schema" value="repository: DB (MSSQL):AdventureWorks - Address"/>
          <column name="Table Name" value="&quot;Address&quot;"/>
          <column name="Query Type" value="Built-In"/>
          <column name="Guess Schema" value="&quot;&quot;"/>
          <column name="Query" value="&quot;SELECT SalesLT.Address.AddressID,
		SalesLT.Address.AddressLine1,
		SalesLT.Address.AddressLine2,
		SalesLT.Address.City,
		SalesLT.Address.StateProvince,
		SalesLT.Address.CountryRegion,
		SalesLT.Address.PostalCode,
		SalesLT.Address.rowguid,
		SalesLT.Address.ModifiedDate
FROM	SalesLT.Address&quot;"/>
          <column name="Specify a data source alias" value="false"/>
          <column name="Data source alias" value="&quot;&quot;"/>
          <column name="Mapping" value="id_MSSQL"/>
          <column name="Additional JDBC Parameters" value="&quot;&quot;"/>
          <column name="Encoding" value="&quot;ISO-8859-15&quot;"/>
          <column name="Trim all the String/Char columns" value="false"/>
          <column name="Trim column" value="[{SCHEMA_COLUMN=AddressID, TRIM=false}, {SCHEMA_COLUMN=AddressLine1, TRIM=false}, {SCHEMA_COLUMN=AddressLine2, TRIM=false}, {SCHEMA_COLUMN=City, TRIM=false}, {SCHEMA_COLUMN=StateProvince, TRIM=false}, {SCHEMA_COLUMN=CountryRegion, TRIM=false}, {SCHEMA_COLUMN=PostalCode, TRIM=false}, {SCHEMA_COLUMN=rowguid, TRIM=false}, {SCHEMA_COLUMN=ModifiedDate, TRIM=false}]"/>
          <column name="Label format" value="AdventureWorksAddressTB"/>
          <column name="Hint format" value="&lt;b&gt;__UNIQUE_NAME__&lt;/b&gt;&lt;br&gt;__COMMENT__"/>
          <column name="Connection format" value="row"/>
          <column name="Show Information" value="false"/>
          <column name="Comment" value=""/>
          <column name="Use an existing validation rule" value="false"/>
          <column name="Validation Rule Type" value=""/>
        </parameters>
        <schemas>
          <schema name="Address">
            <column name="AddressID" key="false" type="int" length="10" precision="" nullable="false" comment=""/>
            <column name="AddressLine1" key="false" type="String" length="60" precision="" nullable="false" comment=""/>
            <column name="AddressLine2" key="false" type="String" length="60" precision="" nullable="true" comment=""/>
            <column name="City" key="false" type="String" length="30" precision="" nullable="false" comment=""/>
            <column name="StateProvince" key="false" type="String" length="" precision="" nullable="true" comment=""/>
            <column name="CountryRegion" key="false" type="String" length="" precision="" nullable="true" comment=""/>
            <column name="PostalCode" key="false" type="String" length="15" precision="" nullable="false" comment=""/>
            <column name="rowguid" key="false" type="Object" length="36" precision="" nullable="false" comment=""/>
            <column name="ModifiedDate" key="false" type="java.util.Date" length="23" precision="3" nullable="false" comment=""/>
          </schema>
        </schemas>
      </component>
      <component icon="pictures/tDBInput_3.png" uniqueName="tDBInput_3" label="AdvWSalesOrderOnlineFlagTB">
        <input>none</input>
        <output link="tFileOutputDelimited_5">tFileOutputDelimited_5</output>
        <componentType>tMSSqlInput</componentType>
        <parameters>
          <column name="Database" value="tMSSqlInput"/>
          <column name="Unique Name" value="tDBInput_3"/>
          <column name="Component Name" value="tMSSqlInput"/>
          <column name="Version" value="0.102 (ALPHA)"/>
          <column name="Family" value="Databases/DB Specifics/MS_SQL_Server"/>
          <column name="Start" value="true"/>
          <column name="Startable" value="true"/>
          <column name="SUBTREE_START" value="true"/>
          <column name="END_OF_FLOW" value="false"/>
          <column name="Activate" value="true"/>
          <column name="DUMMY" value="false"/>
          <column name="tStatCatcher Statistics" value="false"/>
          <column name="Help" value="org.talend.help.tMSSqlInput"/>
          <column name="Update components" value="true"/>
          <column name="IREPORT_PATH" value=""/>
          <column name="JAVA_LIBRARY_PATH" value="D:\programas\Talend\TOS_DI-Win32-20200219_1130-V7.3.1\configuration\lib\java"/>
          <column name="Subjob color" value=""/>
          <column name="Title color" value=""/>
          <column name="Use an existing connection" value="false"/>
          <column name="Component List" value=""/>
          <column name="Property Type" value="repository: DB (MSSQL):AdventureWorks"/>
          <column name="Host" value="&quot;sqlservercentralpublic.database.windows.net&quot;"/>
          <column name="JDBC Provider" value="JTDS"/>
          <column name="Database Driver" value="MSSQL"/>
          <column name="Port" value="&quot;1433&quot;"/>
          <column name="Schema" value="&quot;SalesLT&quot;"/>
          <column name="Database" value="&quot;AdventureWorks&quot;"/>
          <column name="Username" value="&quot;sqlfamily&quot;"/>
          <column name="Password" value="***********"/>
          <column name="REPOSITORY_ALLOW_AUTO_SWITCH" value="true"/>
          <column name="Schema" value="repository: DB (MSSQL):AdventureWorks - SalesOrderHeader"/>
          <column name="Table Name" value="&quot;SalesOrderHeader&quot;"/>
          <column name="Query Type" value="Built-In"/>
          <column name="Guess Schema" value="&quot;&quot;"/>
          <column name="Query" value="&quot;SELECT SalesLT.SalesOrderHeader.OnlineOrderFlag,
		SalesLT.SalesOrderHeader.TotalDue
FROM	SalesLT.SalesOrderHeader&quot;"/>
          <column name="Specify a data source alias" value="false"/>
          <column name="Data source alias" value="&quot;&quot;"/>
          <column name="Mapping" value="id_MSSQL"/>
          <column name="Additional JDBC Parameters" value="&quot;&quot;"/>
          <column name="Encoding" value="&quot;ISO-8859-15&quot;"/>
          <column name="Trim all the String/Char columns" value="false"/>
          <column name="Trim column" value="[{SCHEMA_COLUMN=OnlineOrderFlag, TRIM=false}, {SCHEMA_COLUMN=TotalDue, TRIM=false}]"/>
          <column name="Label format" value="AdvWSalesOrderOnlineFlagTB"/>
          <column name="Hint format" value="&lt;b&gt;__UNIQUE_NAME__&lt;/b&gt;&lt;br&gt;__COMMENT__"/>
          <column name="Connection format" value="row"/>
          <column name="Show Information" value="false"/>
          <column name="Comment" value=""/>
          <column name="Use an existing validation rule" value="false"/>
          <column name="Validation Rule Type" value=""/>
        </parameters>
        <schemas>
          <schema name="SalesOrderHeader">
            <column name="OnlineOrderFlag" key="false" type="Integer" length="" precision="" nullable="true" comment=""/>
            <column name="TotalDue" key="false" type="BigDecimal" length="" precision="4" nullable="false" comment=""/>
          </schema>
        </schemas>
      </component>
      <component icon="pictures/tFileOutputDelimited_1.png" uniqueName="tFileOutputDelimited_1" label="IngestaoSalesOrderDia">
        <input link="tDBInput_1">tDBInput_1</input>
        <output link="tMap_1">tMap_1</output>
        <componentType>tFileOutputDelimited</componentType>
        <parameters>
          <column name="Unique Name" value="tFileOutputDelimited_1"/>
          <column name="Component Name" value="tFileOutputDelimited"/>
          <column name="Version" value="0.101 (ALPHA)"/>
          <column name="Family" value="File/Output"/>
          <column name="Startable" value="false"/>
          <column name="SUBTREE_START" value="false"/>
          <column name="END_OF_FLOW" value="false"/>
          <column name="Activate" value="true"/>
          <column name="DUMMY" value="false"/>
          <column name="tStatCatcher Statistics" value="false"/>
          <column name="Help" value="org.talend.help.tFileOutputDelimited"/>
          <column name="Update components" value="true"/>
          <column name="IREPORT_PATH" value=""/>
          <column name="JAVA_LIBRARY_PATH" value="D:\programas\Talend\TOS_DI-Win32-20200219_1130-V7.3.1\configuration\lib\java"/>
          <column name="Subjob color" value=""/>
          <column name="Title color" value=""/>
          <column name="Property Type" value="Built-In"/>
          <column name="Use Output Stream" value="false"/>
          <column name="Output Stream" value="outputStream"/>
          <column name="File Name" value="&quot;D:/Projetos/12ABDGrupo2DataOPS/DL/raw/IngSalesOrder&quot;+TalendDate.getDate(&quot;YYYY-MM-DD&quot;)+&quot;.csv&quot;"/>
          <column name="Row Separator" value="&quot;\n&quot;"/>
          <column name="Use OS line separator as row separator when CSV Row Separator is set to CR,LF or CRLF." value="true"/>
          <column name="CSV Row Separator" value="&quot;\n&quot;"/>
          <column name="Field Separator" value="&quot;;&quot;"/>
          <column name="Append" value="false"/>
          <column name="Include Header" value="true"/>
          <column name="Compress as zip file" value="false"/>
          <column name="REPOSITORY_ALLOW_AUTO_SWITCH" value="true"/>
          <column name="Schema" value="Built-In"/>
          <column name="Advanced separator (for numbers)" value="false"/>
          <column name="Thousands separator" value="&quot;,&quot;"/>
          <column name="Decimal separator" value="&quot;.&quot;"/>
          <column name="CSV options" value="false"/>
          <column name="Escape char" value="&quot;&quot;&quot;"/>
          <column name="Text enclosure" value="&quot;&quot;&quot;"/>
          <column name="Create directory if does not exist" value="true"/>
          <column name="Split output in several files" value="false"/>
          <column name="Rows in each output file" value="1000"/>
          <column name="Custom the flush buffer size" value="false"/>
          <column name="Row number" value="1"/>
          <column name="Output in row mode" value="false"/>
          <column name="Encoding" value="&quot;UTF-8&quot;"/>
          <column name="Don't generate empty file" value="true"/>
          <column name="Throw an error if the file already exist" value="false"/>
          <column name="Min column number of optimize code" value="90"/>
          <column name="Label format" value="IngestaoSalesOrderDia"/>
          <column name="Hint format" value="&lt;b&gt;__UNIQUE_NAME__&lt;/b&gt;&lt;br&gt;__COMMENT__"/>
          <column name="Connection format" value="row"/>
          <column name="Show Information" value="false"/>
          <column name="Comment" value=""/>
          <column name="Use an existing validation rule" value="false"/>
          <column name="Validation Rule Type" value=""/>
        </parameters>
        <schemas>
          <schema name="SalesOrderHeader">
            <column name="SalesOrderID" key="true" type="int" length="10" precision="" nullable="false" comment=""/>
            <column name="RevisionNumber" key="false" type="short" length="3" precision="" nullable="false" comment=""/>
            <column name="OrderDate" key="false" type="java.util.Date" length="23" precision="3" nullable="false" comment=""/>
            <column name="DueDate" key="false" type="java.util.Date" length="23" precision="3" nullable="false" comment=""/>
            <column name="ShipDate" key="false" type="java.util.Date" length="23" precision="3" nullable="true" comment=""/>
            <column name="Status" key="false" type="short" length="3" precision="" nullable="false" comment=""/>
            <column name="OnlineOrderFlag" key="false" type="Integer" length="" precision="" nullable="true" comment=""/>
            <column name="SalesOrderNumber" key="false" type="String" length="25" precision="" nullable="false" comment=""/>
            <column name="CustomerID" key="false" type="int" length="10" precision="" nullable="false" comment=""/>
            <column name="ShipToAddressID" key="false" type="Integer" length="10" precision="" nullable="true" comment=""/>
            <column name="BillToAddressID" key="false" type="Integer" length="10" precision="" nullable="true" comment=""/>
            <column name="ShipMethod" key="false" type="String" length="50" precision="" nullable="false" comment=""/>
            <column name="CreditCardApprovalCode" key="false" type="String" length="15" precision="" nullable="true" comment=""/>
            <column name="SubTotal" key="false" type="Object" length="19" precision="4" nullable="false" comment=""/>
            <column name="TaxAmt" key="false" type="Object" length="19" precision="4" nullable="false" comment=""/>
            <column name="Freight" key="false" type="Object" length="19" precision="4" nullable="false" comment=""/>
            <column name="TotalDue" key="false" type="BigDecimal" length="" precision="4" nullable="false" comment=""/>
            <column name="Comment" key="false" type="String" length="1073741823" precision="" nullable="true" comment=""/>
            <column name="rowguid" key="false" type="Object" length="36" precision="" nullable="false" comment=""/>
            <column name="ModifiedDate" key="false" type="java.util.Date" length="23" precision="3" nullable="false" comment=""/>
          </schema>
        </schemas>
      </component>
      <component icon="pictures/tFileOutputDelimited_2.png" uniqueName="tFileOutputDelimited_2" label="IngestaoAddress">
        <input link="tDBInput_2">tDBInput_2</input>
        <input link="tFileOutputDelimited_2">tFileOutputDelimited_2</input>
        <output link="tMap_1">tMap_1</output>
        <componentType>tFileOutputDelimited</componentType>
        <parameters>
          <column name="Unique Name" value="tFileOutputDelimited_2"/>
          <column name="Component Name" value="tFileOutputDelimited"/>
          <column name="Version" value="0.101 (ALPHA)"/>
          <column name="Family" value="File/Output"/>
          <column name="Startable" value="false"/>
          <column name="SUBTREE_START" value="false"/>
          <column name="END_OF_FLOW" value="false"/>
          <column name="Activate" value="true"/>
          <column name="DUMMY" value="false"/>
          <column name="tStatCatcher Statistics" value="false"/>
          <column name="Help" value="org.talend.help.tFileOutputDelimited"/>
          <column name="Update components" value="true"/>
          <column name="IREPORT_PATH" value=""/>
          <column name="JAVA_LIBRARY_PATH" value="D:\programas\Talend\TOS_DI-Win32-20200219_1130-V7.3.1\configuration\lib\java"/>
          <column name="Subjob color" value=""/>
          <column name="Title color" value=""/>
          <column name="Property Type" value="Built-In"/>
          <column name="Use Output Stream" value="false"/>
          <column name="Output Stream" value="outputStream"/>
          <column name="File Name" value="&quot;D:/Projetos/12ABDGrupo2DataOPS/DL/raw/IngAddress&quot;+TalendDate.getDate(&quot;YYYY-MM-DD&quot;)+&quot;.csv&quot;"/>
          <column name="Row Separator" value="&quot;\n&quot;"/>
          <column name="Use OS line separator as row separator when CSV Row Separator is set to CR,LF or CRLF." value="true"/>
          <column name="CSV Row Separator" value="&quot;\n&quot;"/>
          <column name="Field Separator" value="&quot;;&quot;"/>
          <column name="Append" value="false"/>
          <column name="Include Header" value="true"/>
          <column name="Compress as zip file" value="false"/>
          <column name="REPOSITORY_ALLOW_AUTO_SWITCH" value="true"/>
          <column name="Schema" value="Built-In"/>
          <column name="Advanced separator (for numbers)" value="false"/>
          <column name="Thousands separator" value="&quot;,&quot;"/>
          <column name="Decimal separator" value="&quot;.&quot;"/>
          <column name="CSV options" value="false"/>
          <column name="Escape char" value="&quot;&quot;&quot;"/>
          <column name="Text enclosure" value="&quot;&quot;&quot;"/>
          <column name="Create directory if does not exist" value="true"/>
          <column name="Split output in several files" value="false"/>
          <column name="Rows in each output file" value="1000"/>
          <column name="Custom the flush buffer size" value="false"/>
          <column name="Row number" value="1"/>
          <column name="Output in row mode" value="false"/>
          <column name="Encoding" value="&quot;ISO-8859-15&quot;"/>
          <column name="Don't generate empty file" value="true"/>
          <column name="Throw an error if the file already exist" value="false"/>
          <column name="Min column number of optimize code" value="90"/>
          <column name="Label format" value="IngestaoAddress"/>
          <column name="Hint format" value="&lt;b&gt;__UNIQUE_NAME__&lt;/b&gt;&lt;br&gt;__COMMENT__"/>
          <column name="Connection format" value="row"/>
          <column name="Show Information" value="false"/>
          <column name="Comment" value=""/>
          <column name="Use an existing validation rule" value="false"/>
          <column name="Validation Rule Type" value=""/>
        </parameters>
        <schemas>
          <schema name="Address">
            <column name="AddressID" key="false" type="int" length="10" precision="" nullable="false" comment=""/>
            <column name="AddressLine1" key="false" type="String" length="60" precision="" nullable="false" comment=""/>
            <column name="AddressLine2" key="false" type="String" length="60" precision="" nullable="true" comment=""/>
            <column name="City" key="false" type="String" length="30" precision="" nullable="false" comment=""/>
            <column name="StateProvince" key="false" type="String" length="" precision="" nullable="true" comment=""/>
            <column name="CountryRegion" key="false" type="String" length="" precision="" nullable="true" comment=""/>
            <column name="PostalCode" key="false" type="String" length="15" precision="" nullable="false" comment=""/>
            <column name="rowguid" key="false" type="Object" length="36" precision="" nullable="false" comment=""/>
            <column name="ModifiedDate" key="false" type="java.util.Date" length="23" precision="3" nullable="false" comment=""/>
          </schema>
        </schemas>
      </component>
      <component icon="pictures/tFileOutputDelimited_3.png" uniqueName="tFileOutputDelimited_3" label="IngestaoSalesAddress">
        <input link="tMap_1">tMap_1</input>
        <output link="tAggregateRow_1">tAggregateRow_1</output>
        <componentType>tFileOutputDelimited</componentType>
        <parameters>
          <column name="Unique Name" value="tFileOutputDelimited_3"/>
          <column name="Component Name" value="tFileOutputDelimited"/>
          <column name="Version" value="0.101 (ALPHA)"/>
          <column name="Family" value="File/Output"/>
          <column name="Startable" value="false"/>
          <column name="SUBTREE_START" value="false"/>
          <column name="END_OF_FLOW" value="false"/>
          <column name="Activate" value="true"/>
          <column name="DUMMY" value="false"/>
          <column name="tStatCatcher Statistics" value="false"/>
          <column name="Help" value="org.talend.help.tFileOutputDelimited"/>
          <column name="Update components" value="true"/>
          <column name="IREPORT_PATH" value=""/>
          <column name="JAVA_LIBRARY_PATH" value="D:\programas\Talend\TOS_DI-Win32-20200219_1130-V7.3.1\configuration\lib\java"/>
          <column name="Subjob color" value=""/>
          <column name="Title color" value=""/>
          <column name="Property Type" value="Built-In"/>
          <column name="Use Output Stream" value="false"/>
          <column name="Output Stream" value="outputStream"/>
          <column name="File Name" value="&quot;D:/Projetos/12ABDGrupo2DataOPS/DL/Harmonized/SalesOrderJoinAddress&quot;+TalendDate.getDate(&quot;YYYY-MM-DD&quot;)+&quot;.csv&quot;"/>
          <column name="Row Separator" value="&quot;\n&quot;"/>
          <column name="Use OS line separator as row separator when CSV Row Separator is set to CR,LF or CRLF." value="true"/>
          <column name="CSV Row Separator" value="&quot;\n&quot;"/>
          <column name="Field Separator" value="&quot;;&quot;"/>
          <column name="Append" value="false"/>
          <column name="Include Header" value="true"/>
          <column name="Compress as zip file" value="false"/>
          <column name="REPOSITORY_ALLOW_AUTO_SWITCH" value="true"/>
          <column name="Schema" value="Built-In"/>
          <column name="Advanced separator (for numbers)" value="false"/>
          <column name="Thousands separator" value="&quot;,&quot;"/>
          <column name="Decimal separator" value="&quot;.&quot;"/>
          <column name="CSV options" value="false"/>
          <column name="Escape char" value="&quot;&quot;&quot;"/>
          <column name="Text enclosure" value="&quot;&quot;&quot;"/>
          <column name="Create directory if does not exist" value="true"/>
          <column name="Split output in several files" value="false"/>
          <column name="Rows in each output file" value="1000"/>
          <column name="Custom the flush buffer size" value="false"/>
          <column name="Row number" value="1"/>
          <column name="Output in row mode" value="false"/>
          <column name="Encoding" value="&quot;ISO-8859-15&quot;"/>
          <column name="Don't generate empty file" value="true"/>
          <column name="Throw an error if the file already exist" value="false"/>
          <column name="Min column number of optimize code" value="90"/>
          <column name="Label format" value="IngestaoSalesAddress"/>
          <column name="Hint format" value="&lt;b&gt;__UNIQUE_NAME__&lt;/b&gt;&lt;br&gt;__COMMENT__"/>
          <column name="Connection format" value="row"/>
          <column name="Show Information" value="false"/>
          <column name="Comment" value=""/>
          <column name="Use an existing validation rule" value="false"/>
          <column name="Validation Rule Type" value=""/>
        </parameters>
        <schemas>
          <schema name="tFileOutputDelimited_3">
            <column name="CountryRegion" key="false" type="String" length="" precision="" nullable="true" comment=""/>
            <column name="TotalDue" key="false" type="BigDecimal" length="19" precision="4" nullable="false" comment=""/>
          </schema>
        </schemas>
      </component>
      <component icon="pictures/tFileOutputDelimited_4.png" uniqueName="tFileOutputDelimited_4" label="IngestaoAgregacaoTotalDueRegion">
        <input link="tAggregateRow_1">tAggregateRow_1</input>
        <output>none</output>
        <componentType>tFileOutputDelimited</componentType>
        <parameters>
          <column name="Unique Name" value="tFileOutputDelimited_4"/>
          <column name="Component Name" value="tFileOutputDelimited"/>
          <column name="Version" value="0.101 (ALPHA)"/>
          <column name="Family" value="File/Output"/>
          <column name="Startable" value="false"/>
          <column name="SUBTREE_START" value="false"/>
          <column name="END_OF_FLOW" value="true"/>
          <column name="Activate" value="true"/>
          <column name="DUMMY" value="false"/>
          <column name="tStatCatcher Statistics" value="false"/>
          <column name="Help" value="org.talend.help.tFileOutputDelimited"/>
          <column name="Update components" value="true"/>
          <column name="IREPORT_PATH" value=""/>
          <column name="JAVA_LIBRARY_PATH" value="D:\programas\Talend\TOS_DI-Win32-20200219_1130-V7.3.1\configuration\lib\java"/>
          <column name="Subjob color" value=""/>
          <column name="Title color" value=""/>
          <column name="Property Type" value="Built-In"/>
          <column name="Use Output Stream" value="false"/>
          <column name="Output Stream" value="outputStream"/>
          <column name="File Name" value="&quot;D:/Projetos/12ABDGrupo2DataOPS/DL/Curated/AggregateTotalRegion&quot;+TalendDate.getDate(&quot;YYYY-MM-DD&quot;)+&quot;.csv&quot;"/>
          <column name="Row Separator" value="&quot;\n&quot;"/>
          <column name="Use OS line separator as row separator when CSV Row Separator is set to CR,LF or CRLF." value="true"/>
          <column name="CSV Row Separator" value="&quot;\n&quot;"/>
          <column name="Field Separator" value="&quot;;&quot;"/>
          <column name="Append" value="false"/>
          <column name="Include Header" value="true"/>
          <column name="Compress as zip file" value="false"/>
          <column name="REPOSITORY_ALLOW_AUTO_SWITCH" value="true"/>
          <column name="Schema" value="Built-In"/>
          <column name="Advanced separator (for numbers)" value="false"/>
          <column name="Thousands separator" value="&quot;,&quot;"/>
          <column name="Decimal separator" value="&quot;.&quot;"/>
          <column name="CSV options" value="false"/>
          <column name="Escape char" value="&quot;&quot;&quot;"/>
          <column name="Text enclosure" value="&quot;&quot;&quot;"/>
          <column name="Create directory if does not exist" value="true"/>
          <column name="Split output in several files" value="false"/>
          <column name="Rows in each output file" value="1000"/>
          <column name="Custom the flush buffer size" value="false"/>
          <column name="Row number" value="1"/>
          <column name="Output in row mode" value="false"/>
          <column name="Encoding" value="&quot;ISO-8859-15&quot;"/>
          <column name="Don't generate empty file" value="true"/>
          <column name="Throw an error if the file already exist" value="false"/>
          <column name="Min column number of optimize code" value="90"/>
          <column name="Label format" value="IngestaoAgregacaoTotalDueRegion"/>
          <column name="Hint format" value="&lt;b&gt;__UNIQUE_NAME__&lt;/b&gt;&lt;br&gt;__COMMENT__"/>
          <column name="Connection format" value="row"/>
          <column name="Show Information" value="false"/>
          <column name="Comment" value=""/>
          <column name="Use an existing validation rule" value="false"/>
          <column name="Validation Rule Type" value=""/>
        </parameters>
        <schemas>
          <schema name="tFileOutputDelimited_4">
            <column name="CountryRegion" key="false" type="String" length="" precision="" nullable="true" comment=""/>
            <column name="TotalDue" key="false" type="BigDecimal" length="19" precision="4" nullable="false" comment=""/>
          </schema>
        </schemas>
      </component>
      <component icon="pictures/tFileOutputDelimited_5.png" uniqueName="tFileOutputDelimited_5" label="IngestaoSalesOrderDiaOnlineFlag">
        <input link="tDBInput_3">tDBInput_3</input>
        <output link="tAggregateRow_2">tAggregateRow_2</output>
        <componentType>tFileOutputDelimited</componentType>
        <parameters>
          <column name="Unique Name" value="tFileOutputDelimited_5"/>
          <column name="Component Name" value="tFileOutputDelimited"/>
          <column name="Version" value="0.101 (ALPHA)"/>
          <column name="Family" value="File/Output"/>
          <column name="Startable" value="false"/>
          <column name="SUBTREE_START" value="false"/>
          <column name="END_OF_FLOW" value="false"/>
          <column name="Activate" value="true"/>
          <column name="DUMMY" value="false"/>
          <column name="tStatCatcher Statistics" value="false"/>
          <column name="Help" value="org.talend.help.tFileOutputDelimited"/>
          <column name="Update components" value="true"/>
          <column name="IREPORT_PATH" value=""/>
          <column name="JAVA_LIBRARY_PATH" value="D:\programas\Talend\TOS_DI-Win32-20200219_1130-V7.3.1\configuration\lib\java"/>
          <column name="Subjob color" value=""/>
          <column name="Title color" value=""/>
          <column name="Property Type" value="Built-In"/>
          <column name="Use Output Stream" value="false"/>
          <column name="Output Stream" value="outputStream"/>
          <column name="File Name" value="&quot;D:/Projetos/12ABDGrupo2DataOPS/DL/raw/IngSalesOrderOnlineOffline&quot;+TalendDate.getDate(&quot;YYYY-MM-DD&quot;)+&quot;.csv&quot;"/>
          <column name="Row Separator" value="&quot;\n&quot;"/>
          <column name="Use OS line separator as row separator when CSV Row Separator is set to CR,LF or CRLF." value="true"/>
          <column name="CSV Row Separator" value="&quot;\n&quot;"/>
          <column name="Field Separator" value="&quot;;&quot;"/>
          <column name="Append" value="false"/>
          <column name="Include Header" value="true"/>
          <column name="Compress as zip file" value="false"/>
          <column name="REPOSITORY_ALLOW_AUTO_SWITCH" value="true"/>
          <column name="Schema" value="Built-In"/>
          <column name="Advanced separator (for numbers)" value="false"/>
          <column name="Thousands separator" value="&quot;,&quot;"/>
          <column name="Decimal separator" value="&quot;.&quot;"/>
          <column name="CSV options" value="false"/>
          <column name="Escape char" value="&quot;&quot;&quot;"/>
          <column name="Text enclosure" value="&quot;&quot;&quot;"/>
          <column name="Create directory if does not exist" value="true"/>
          <column name="Split output in several files" value="false"/>
          <column name="Rows in each output file" value="1000"/>
          <column name="Custom the flush buffer size" value="false"/>
          <column name="Row number" value="1"/>
          <column name="Output in row mode" value="false"/>
          <column name="Encoding" value="&quot;UTF-8&quot;"/>
          <column name="Don't generate empty file" value="true"/>
          <column name="Throw an error if the file already exist" value="false"/>
          <column name="Min column number of optimize code" value="90"/>
          <column name="Label format" value="IngestaoSalesOrderDiaOnlineFlag"/>
          <column name="Hint format" value="&lt;b&gt;__UNIQUE_NAME__&lt;/b&gt;&lt;br&gt;__COMMENT__"/>
          <column name="Connection format" value="row"/>
          <column name="Show Information" value="false"/>
          <column name="Comment" value=""/>
          <column name="Use an existing validation rule" value="false"/>
          <column name="Validation Rule Type" value=""/>
        </parameters>
        <schemas>
          <schema name="SalesOrderHeader">
            <column name="OnlineOrderFlag" key="false" type="Integer" length="" precision="" nullable="true" comment=""/>
            <column name="TotalDue" key="false" type="BigDecimal" length="" precision="4" nullable="false" comment=""/>
          </schema>
        </schemas>
      </component>
      <component icon="pictures/tFileOutputDelimited_6.png" uniqueName="tFileOutputDelimited_6" label="IngestAggregateToltalOnline">
        <input link="tAggregateRow_2">tAggregateRow_2</input>
        <output>none</output>
        <componentType>tFileOutputDelimited</componentType>
        <parameters>
          <column name="Unique Name" value="tFileOutputDelimited_6"/>
          <column name="Component Name" value="tFileOutputDelimited"/>
          <column name="Version" value="0.101 (ALPHA)"/>
          <column name="Family" value="File/Output"/>
          <column name="Startable" value="false"/>
          <column name="SUBTREE_START" value="false"/>
          <column name="END_OF_FLOW" value="true"/>
          <column name="Activate" value="true"/>
          <column name="DUMMY" value="false"/>
          <column name="tStatCatcher Statistics" value="false"/>
          <column name="Help" value="org.talend.help.tFileOutputDelimited"/>
          <column name="Update components" value="true"/>
          <column name="IREPORT_PATH" value=""/>
          <column name="JAVA_LIBRARY_PATH" value="D:\programas\Talend\TOS_DI-Win32-20200219_1130-V7.3.1\configuration\lib\java"/>
          <column name="Subjob color" value=""/>
          <column name="Title color" value=""/>
          <column name="Property Type" value="Built-In"/>
          <column name="Use Output Stream" value="false"/>
          <column name="Output Stream" value="outputStream"/>
          <column name="File Name" value="&quot;D:/Projetos/12ABDGrupo2DataOPS/DL/Curated/AggregateTotalOnline&quot;+TalendDate.getDate(&quot;YYYY-MM-DD&quot;)+&quot;.csv&quot;"/>
          <column name="Row Separator" value="&quot;\n&quot;"/>
          <column name="Use OS line separator as row separator when CSV Row Separator is set to CR,LF or CRLF." value="true"/>
          <column name="CSV Row Separator" value="&quot;\n&quot;"/>
          <column name="Field Separator" value="&quot;;&quot;"/>
          <column name="Append" value="false"/>
          <column name="Include Header" value="true"/>
          <column name="Compress as zip file" value="false"/>
          <column name="REPOSITORY_ALLOW_AUTO_SWITCH" value="true"/>
          <column name="Schema" value="Built-In"/>
          <column name="Advanced separator (for numbers)" value="false"/>
          <column name="Thousands separator" value="&quot;,&quot;"/>
          <column name="Decimal separator" value="&quot;.&quot;"/>
          <column name="CSV options" value="false"/>
          <column name="Escape char" value="&quot;&quot;&quot;"/>
          <column name="Text enclosure" value="&quot;&quot;&quot;"/>
          <column name="Create directory if does not exist" value="true"/>
          <column name="Split output in several files" value="false"/>
          <column name="Rows in each output file" value="1000"/>
          <column name="Custom the flush buffer size" value="false"/>
          <column name="Row number" value="1"/>
          <column name="Output in row mode" value="false"/>
          <column name="Encoding" value="&quot;ISO-8859-15&quot;"/>
          <column name="Don't generate empty file" value="true"/>
          <column name="Throw an error if the file already exist" value="false"/>
          <column name="Min column number of optimize code" value="90"/>
          <column name="Label format" value="IngestAggregateToltalOnline"/>
          <column name="Hint format" value="&lt;b&gt;__UNIQUE_NAME__&lt;/b&gt;&lt;br&gt;__COMMENT__"/>
          <column name="Connection format" value="row"/>
          <column name="Show Information" value="false"/>
          <column name="Comment" value=""/>
          <column name="Use an existing validation rule" value="false"/>
          <column name="Validation Rule Type" value=""/>
        </parameters>
        <schemas>
          <schema name="SalesOrderHeader">
            <column name="OnlineOrderFlag" key="false" type="Integer" length="" precision="" nullable="true" comment=""/>
            <column name="TotalDue" key="false" type="BigDecimal" length="" precision="4" nullable="false" comment=""/>
          </schema>
        </schemas>
      </component>
    </internalNodeComponents>
    <externalNodeComponents>
      <component icon="pictures/tMap_1.png" uniqueName="tMap_1" label="tMapSalesOrderToAddress" preview="pictures/external_preview_tMap_1.png">
        <input link="tDBInput_2">tDBInput_2</input>
        <input link="tFileOutputDelimited_2">tFileOutputDelimited_2</input>
        <output link="tFileOutputDelimited_3">tFileOutputDelimited_3</output>
        <componentType>tMap</componentType>
        <!--tMap_1-->
      </component>
    </externalNodeComponents>
    <connections>
      <connection label="row1" lineStyle="0" metaname="tDBInput_1" offsetLabelX="0" offsetLabelY="0" source="tDBInput_1" target="tFileOutputDelimited_1"/>
      <connection label="row3" lineStyle="0" metaname="tFileOutputDelimited_1" offsetLabelX="0" offsetLabelY="0" source="tFileOutputDelimited_1" target="tMap_1"/>
      <connection label="SalesHeaderJoinAddress" lineStyle="0" metaname="SalesHeaderJoinAddress" offsetLabelX="0" offsetLabelY="0" source="tMap_1" target="tFileOutputDelimited_3"/>
      <connection label="row2" lineStyle="0" metaname="tDBInput_2" offsetLabelX="0" offsetLabelY="0" source="tDBInput_2" target="tFileOutputDelimited_2"/>
      <connection label="row4" lineStyle="8" metaname="tFileOutputDelimited_2" offsetLabelX="0" offsetLabelY="0" source="tFileOutputDelimited_2" target="tMap_1"/>
      <connection label="row5" lineStyle="0" metaname="tFileOutputDelimited_3" offsetLabelX="0" offsetLabelY="0" source="tFileOutputDelimited_3" target="tAggregateRow_1"/>
      <connection label="row6" lineStyle="0" metaname="tAggregateRow_1" offsetLabelX="0" offsetLabelY="0" source="tAggregateRow_1" target="tFileOutputDelimited_4"/>
      <connection label="row7" lineStyle="0" metaname="tDBInput_3" offsetLabelX="0" offsetLabelY="0" source="tDBInput_3" target="tFileOutputDelimited_5"/>
      <connection label="row8" lineStyle="0" metaname="tFileOutputDelimited_5" offsetLabelX="0" offsetLabelY="0" source="tFileOutputDelimited_5" target="tAggregateRow_2"/>
      <connection label="row9" lineStyle="0" metaname="tAggregateRow_2" offsetLabelX="0" offsetLabelY="0" source="tAggregateRow_2" target="tFileOutputDelimited_6"/>
    </connections>
  </job>
</project>
