<?xml version="1.1" encoding="UTF-8"?>

<externalNode i18n.job.component.parameters="Component Parameters:" i18n.job.properties="Properties" i18n.job.values="Values" i18n.mapper.table.for="Mapper table for " i18n.mapper.table.properties="Mapper table Properties" i18n.job.name="Name" i18n.tmap.matching.mode="Matching-mode" i18n.mapper.table.isminimized="isMinimized" i18n.tmap.isreject="isReject" i18n.tmap.isrejectinnnerjoin="isRejectInnerJoin" i18n.tmap.isinnerjoin="isInnerJoin" i18n.tmap.expressionfilter="expressionFilter" i18n.mapper.table.metadata.entries="Metadata Table Entries" i18n.job.type="Type" i18n.mapper.table.expression="Expression" i18n.tmap.isnullable="isNullable" i18n.tmap.constraint.entries="Constraint Table Entries" name="tMap_1" preview="pictures/_sX_5oOGwEeu9Hqb2tbT3Qw-tMap_1-PREVIEW.bmp">
  <parameters>
    <column name="tStatCatcher Statistics">false</column>
    <column name="Mapping links display as:">AUTO</column>
    <column name="Temp data directory path:"></column>
    <column name="Max buffer size (nb of rows):">2000000</column>
    <column name="Ignore trailing zeros for BigDecimal">true</column>
    <column name="Show Information">false</column>
    <column name="Comment"><![CDATA[]]></column>
    <column name="Use an existing validation rule">false</column>
  </parameters>
  <mapperTable type="input">
    <table name="row3" matching-mode="UNIQUE_MATCH" lookup-mode="LOAD_ONCE" isMinimized="false" isReject="false" isRejectInnerJoin="false" isInnerJoin="false" isPersistent="false" expressionFilter="null" activateExpressionFilter="false" activateCondensedTool="false" activateColumnNameFilter="false" columnNameFilter="null">
      <metadataTableEntries>
        <entry name="SalesOrderID" type="int" expression="" isNullable="false"/>
        <entry name="RevisionNumber" type="short" expression="" isNullable="false"/>
        <entry name="OrderDate" type="java.util.Date" expression="" isNullable="false"/>
        <entry name="DueDate" type="java.util.Date" expression="" isNullable="false"/>
        <entry name="ShipDate" type="java.util.Date" expression="" isNullable="true"/>
        <entry name="Status" type="short" expression="" isNullable="false"/>
        <entry name="OnlineOrderFlag" type="Integer" expression="" isNullable="true"/>
        <entry name="SalesOrderNumber" type="String" expression="" isNullable="false"/>
        <entry name="CustomerID" type="int" expression="" isNullable="false"/>
        <entry name="ShipToAddressID" type="Integer" expression="" isNullable="true"/>
        <entry name="BillToAddressID" type="Integer" expression="" isNullable="true"/>
        <entry name="ShipMethod" type="String" expression="" isNullable="false"/>
        <entry name="CreditCardApprovalCode" type="String" expression="" isNullable="true"/>
        <entry name="SubTotal" type="Object" expression="" isNullable="false"/>
        <entry name="TaxAmt" type="Object" expression="" isNullable="false"/>
        <entry name="Freight" type="Object" expression="" isNullable="false"/>
        <entry name="TotalDue" type="BigDecimal" expression="" isNullable="false"/>
        <entry name="Comment" type="String" expression="" isNullable="true"/>
        <entry name="rowguid" type="Object" expression="" isNullable="false"/>
        <entry name="ModifiedDate" type="java.util.Date" expression="" isNullable="false"/>
      </metadataTableEntries>
    </table>
    <table name="row4" matching-mode="UNIQUE_MATCH" lookup-mode="LOAD_ONCE" isMinimized="false" isReject="false" isRejectInnerJoin="false" isInnerJoin="false" isPersistent="false" expressionFilter="null" activateExpressionFilter="false" activateCondensedTool="false" activateColumnNameFilter="false" columnNameFilter="null">
      <metadataTableEntries>
        <entry name="AddressID" type="int" expression="row3.ShipToAddressID " isNullable="false"/>
        <entry name="AddressLine1" type="String" expression="" isNullable="false"/>
        <entry name="AddressLine2" type="String" expression="" isNullable="true"/>
        <entry name="City" type="String" expression="" isNullable="false"/>
        <entry name="StateProvince" type="String" expression="" isNullable="true"/>
        <entry name="CountryRegion" type="String" expression="" isNullable="true"/>
        <entry name="PostalCode" type="String" expression="" isNullable="false"/>
        <entry name="rowguid" type="Object" expression="" isNullable="false"/>
        <entry name="ModifiedDate" type="java.util.Date" expression="" isNullable="false"/>
      </metadataTableEntries>
    </table>
  </mapperTable>
  <mapperTable type="output">
    <table name="SalesHeaderJoinAddress" isMinimized="false" isReject="false" isRejectInnerJoin="false" isInnerJoin="false" isPersistent="false" expressionFilter="null" activateExpressionFilter="false" activateCondensedTool="false" activateColumnNameFilter="false" columnNameFilter="null">
      <metadataTableEntries>
        <entry name="CountryRegion" type="String" expression="row4.CountryRegion " isNullable="true"/>
        <entry name="TotalDue" type="BigDecimal" expression="row3.TotalDue " isNullable="false"/>
      </metadataTableEntries>
    </table>
  </mapperTable>
  <mapperTable type="var">
    <table name="Var" isMinimized="true" isReject="false" isRejectInnerJoin="false" isInnerJoin="false" isPersistent="false" expressionFilter="null" activateExpressionFilter="false" activateCondensedTool="false" activateColumnNameFilter="false" columnNameFilter="null"/>
  </mapperTable>
</externalNode>
