<?xml version="1.1" encoding="UTF-8"?>

<externalNode i18n.job.component.parameters="Component Parameters:" i18n.job.properties="Properties" i18n.job.values="Values" i18n.mapper.table.for="Mapper table for " i18n.mapper.table.properties="Mapper table Properties" i18n.job.name="Name" i18n.tmap.matching.mode="Matching-mode" i18n.mapper.table.isminimized="isMinimized" i18n.tmap.isreject="isReject" i18n.tmap.isrejectinnnerjoin="isRejectInnerJoin" i18n.tmap.isinnerjoin="isInnerJoin" i18n.tmap.expressionfilter="expressionFilter" i18n.mapper.table.metadata.entries="Metadata Table Entries" i18n.job.type="Type" i18n.mapper.table.expression="Expression" i18n.tmap.isnullable="isNullable" i18n.tmap.constraint.entries="Constraint Table Entries" name="tMap_1" preview="pictures/_GTQx4OHqEeuUp6xrcVqGUQ-tMap_1-PREVIEW.bmp">
  <parameters>
    <column name="tStatCatcher Statistics">false</column>
    <column name="Mapping links display as:">AUTO</column>
    <column name="Temp data directory path:"></column>
    <column name="Max buffer size (nb of rows):">2000000</column>
    <column name="Ignore trailing zeros for BigDecimal">true</column>
    <column name="Show Information">false</column>
    <column name="Comment"><![CDATA[]]></column>
    <column name="Use an existing validation rule">false</column>
  </parameters>
  <mapperTable type="input">
    <table name="row4" matching-mode="UNIQUE_MATCH" lookup-mode="LOAD_ONCE" isMinimized="false" isReject="false" isRejectInnerJoin="false" isInnerJoin="false" isPersistent="false" expressionFilter="null" activateExpressionFilter="false" activateCondensedTool="false" activateColumnNameFilter="false" columnNameFilter="null">
      <metadataTableEntries>
        <entry name="ProductID" type="int" expression="" isNullable="false"/>
        <entry name="Name" type="String" expression="" isNullable="true"/>
        <entry name="ProductNumber" type="String" expression="" isNullable="false"/>
        <entry name="Color" type="String" expression="" isNullable="true"/>
        <entry name="StandardCost" type="Object" expression="" isNullable="false"/>
        <entry name="ListPrice" type="Object" expression="" isNullable="false"/>
        <entry name="Size" type="String" expression="" isNullable="true"/>
        <entry name="Weight" type="BigDecimal" expression="" isNullable="true"/>
        <entry name="ProductCategoryID" type="Integer" expression="" isNullable="true"/>
        <entry name="ProductModelID" type="Integer" expression="" isNullable="true"/>
        <entry name="SellStartDate" type="java.util.Date" expression="" isNullable="false"/>
        <entry name="SellEndDate" type="java.util.Date" expression="" isNullable="true"/>
        <entry name="DiscontinuedDate" type="java.util.Date" expression="" isNullable="true"/>
        <entry name="ThumbNailPhoto" type="Object" expression="" isNullable="true"/>
        <entry name="ThumbnailPhotoFileName" type="String" expression="" isNullable="true"/>
        <entry name="rowguid" type="Object" expression="" isNullable="false"/>
        <entry name="ModifiedDate" type="java.util.Date" expression="" isNullable="false"/>
      </metadataTableEntries>
    </table>
    <table name="row5" matching-mode="UNIQUE_MATCH" lookup-mode="LOAD_ONCE" isMinimized="false" isReject="false" isRejectInnerJoin="false" isInnerJoin="false" isPersistent="false" expressionFilter="null" activateExpressionFilter="false" activateCondensedTool="false" activateColumnNameFilter="false" columnNameFilter="null">
      <metadataTableEntries>
        <entry name="ProductCategoryID" type="int" expression="row4.ProductCategoryID " isNullable="false"/>
        <entry name="Name" type="String" expression="" isNullable="true"/>
        <entry name="ParentProductCategoryID" type="Integer" expression="" isNullable="true"/>
        <entry name="rowguid" type="Object" expression="" isNullable="false"/>
        <entry name="ModifiedDate" type="java.util.Date" expression="" isNullable="false"/>
      </metadataTableEntries>
    </table>
    <table name="row6" matching-mode="UNIQUE_MATCH" lookup-mode="LOAD_ONCE" isMinimized="false" isReject="false" isRejectInnerJoin="false" isInnerJoin="false" isPersistent="false" expressionFilter="null" activateExpressionFilter="false" activateCondensedTool="false" activateColumnNameFilter="false" columnNameFilter="null">
      <metadataTableEntries>
        <entry name="ProductModelID" type="int" expression="row4.ProductModelID " isNullable="false"/>
        <entry name="Name" type="String" expression="" isNullable="true"/>
        <entry name="CatalogDescription" type="String" expression="" isNullable="true"/>
        <entry name="rowguid" type="Object" expression="" isNullable="false"/>
        <entry name="ModifiedDate" type="java.util.Date" expression="" isNullable="false"/>
      </metadataTableEntries>
    </table>
  </mapperTable>
  <mapperTable type="output">
    <table name="JoinProduct" isMinimized="false" isReject="false" isRejectInnerJoin="false" isInnerJoin="false" isPersistent="false" expressionFilter="null" activateExpressionFilter="false" activateCondensedTool="false" activateColumnNameFilter="false" columnNameFilter="null">
      <metadataTableEntries>
        <entry name="ProductID" type="int" expression="row4.ProductID " isNullable="false"/>
        <entry name="Name" type="String" expression="row4.Name " isNullable="true"/>
        <entry name="ProductNumber" type="String" expression="row4.ProductNumber " isNullable="false"/>
        <entry name="Color" type="String" expression="row4.Color " isNullable="true"/>
        <entry name="StandardCost" type="Object" expression="row4.StandardCost " isNullable="false"/>
        <entry name="ListPrice" type="Object" expression="row4.ListPrice " isNullable="false"/>
        <entry name="SellStartDate" type="java.util.Date" expression="row4.SellStartDate " isNullable="false"/>
        <entry name="SellEndDate" type="java.util.Date" expression="row4.SellEndDate " isNullable="true"/>
        <entry name="DiscontinuedDate" type="java.util.Date" expression="row4.DiscontinuedDate " isNullable="true"/>
        <entry name="CategoryName" type="String" expression="row5.Name " isNullable="true"/>
        <entry name="ModelName" type="String" expression="row6.Name " isNullable="true"/>
      </metadataTableEntries>
    </table>
  </mapperTable>
  <mapperTable type="var">
    <table name="Var" isMinimized="true" isReject="false" isRejectInnerJoin="false" isInnerJoin="false" isPersistent="false" expressionFilter="null" activateExpressionFilter="false" activateCondensedTool="false" activateColumnNameFilter="false" columnNameFilter="null"/>
  </mapperTable>
</externalNode>
